[22Aug2026 03:45:40.478] [main/INFO] [cpw.mods.modlauncher.Launcher/MODLAUNCHER]: ModLauncher running: args [--launchTarget, forgeserver, --fml.forgeVersion, 47.4.10, --fml.mcVersion, 1.20.1, --fml.forgeGroup, net.minecraftforge, --fml.mcpVersion, 20230612.114412, nogui]
[22Aug2026 03:45:40.484] [main/INFO] [cpw.mods.modlauncher.Launcher/MODLAUNCHER]: ModLauncher 10.0.9+10.0.9+main.dcd20f30 starting: java version 17.0.19 by Ubuntu; OS Linux arch amd64 version 6.8.0-1052-azure
[22Aug2026 03:45:45.476] [main/INFO] [net.minecraftforge.fml.loading.ImmediateWindowHandler/]: ImmediateWindowProvider not loading because launch target is forgeserver
[22Aug2026 03:45:45.722] [main/INFO] [mixin/]: SpongePowered MIXIN Subsystem Version=0.8.5 Source=union:/workspaces/holamundo/servidor_minecraft/libraries/org/spongepowered/mixin/0.8.5/mixin-0.8.5.jar%2363!/ Service=ModLauncher Env=SERVER
[22Aug2026 03:45:46.290] [main/WARN] [net.minecraftforge.fml.loading.moddiscovery.ModFileParser/LOADING]: Mod file /workspaces/holamundo/servidor_minecraft/libraries/net/minecraftforge/fmlcore/1.20.1-47.4.10/fmlcore-1.20.1-47.4.10.jar is missing mods.toml file
[22Aug2026 03:45:46.292] [main/WARN] [net.minecraftforge.fml.loading.moddiscovery.ModFileParser/LOADING]: Mod file /workspaces/holamundo/servidor_minecraft/libraries/net/minecraftforge/javafmllanguage/1.20.1-47.4.10/javafmllanguage-1.20.1-47.4.10.jar is missing mods.toml file
[22Aug2026 03:45:46.293] [main/WARN] [net.minecraftforge.fml.loading.moddiscovery.ModFileParser/LOADING]: Mod file /workspaces/holamundo/servidor_minecraft/libraries/net/minecraftforge/lowcodelanguage/1.20.1-47.4.10/lowcodelanguage-1.20.1-47.4.10.jar is missing mods.toml file
[22Aug2026 03:45:46.294] [main/WARN] [net.minecraftforge.fml.loading.moddiscovery.ModFileParser/LOADING]: Mod file /workspaces/holamundo/servidor_minecraft/libraries/net/minecraftforge/mclanguage/1.20.1-47.4.10/mclanguage-1.20.1-47.4.10.jar is missing mods.toml file
[22Aug2026 03:45:46.922] [main/INFO] [net.minecraftforge.fml.loading.moddiscovery.JarInJarDependencyLocator/]: Found 17 dependencies adding them to mods collection
[22Aug2026 03:45:49.954] [main/INFO] [mixin/]: Compatibility level set to JAVA_17
[22Aug2026 03:45:50.129] [main/INFO] [cpw.mods.modlauncher.LaunchServiceHandler/MODLAUNCHER]: Launching target 'forgeserver' with arguments [nogui]
[22Aug2026 03:45:50.641] [main/INFO] [ModernFix/]: Loaded configuration file for ModernFix 5.27.66+mc1.20.1: 110 options available, 0 override(s) found
[22Aug2026 03:45:50.645] [main/INFO] [ModernFix/]: Applying Nashorn fix
[22Aug2026 03:45:50.676] [main/INFO] [ModernFix/]: Applied Forge config corruption patch
[22Aug2026 03:45:50.722] [main/WARN] [mixin/]: Reference map 'puzzlesaccessapi.common.refmap.json' for puzzlesaccessapi.common.mixins.json could not be read. If this is a development environment you can ignore this message
[22Aug2026 03:45:51.124] [main/INFO] [Puzzles Lib/]: Loading 41 mods:
	- alexsmobs 1.22.9
	- architectury 9.2.14
	- armourers_workshop 3.4.0-beta.3
	- cbc_at 0.1.2b-1.20.1
	- chisel 2.0.0+mc1.20.1
	- chunkloaders 1.2.9
	- citadel 2.6.3
	- computercraft 1.108.0
	- copycats 3.0.4+mc.1.20.1-forge
	- create 6.0.8
		|-- flywheel 1.0.5
		\-- ponder 1.0.91
	- create_new_age 1.2.0+mc1.20.1
		\-- esl 1.1.3
	- createbigcannons 5.11.2
	- cryonicconfig 1.0.0+mc1.20.1
	- dragonsofberk 1.0.2
	- farmersdelight 1.20.1-1.3.2
	- ferritecore 6.0.1
	- forge 47.4.10
	- fossil 9.3.4.0
	- geckolib 4.8.4
	- jei 15.20.0.129
	- kotlinforforge 4.12.0
	- minecraft 1.20.1
	- modernfix 5.27.66+mc1.20.1
	- morehitboxes 1.9.2
		\-- mixinextras 0.4.1
	- mowziesmobs 1.8.2
	- puzzleslib 8.1.33
		\-- puzzlesaccessapi 20.1.1
	- railways 1.6.14-beta+forge-mc1.20.1
	- rats 1.20.1-8.1.3
	- ritchiesprojectilelib 2.1.1
	- s_a_b 1.4.3
	- skinrestorer 2.10.0+1.20-forge
	- supermartijn642configlib 1.1.8
	- supermartijn642corelib 1.1.24
	- terrablender 3.0.1.10
	- travelersbackpack 9.1.56
	- voicechat 1.20.1-2.6.11
		\-- voicechat_api 2.6.0
[22Aug2026 03:45:53.180] [main/WARN] [mixin/]: Error loading class: xfacthd/framedblocks/common/blockentity/doubled/FramedAdjustableDoubleBlockEntity (java.lang.ClassNotFoundException: xfacthd.framedblocks.common.blockentity.doubled.FramedAdjustableDoubleBlockEntity)
[22Aug2026 03:45:53.181] [main/WARN] [mixin/]: @Mixin target xfacthd.framedblocks.common.blockentity.doubled.FramedAdjustableDoubleBlockEntity was not found createbigcannons.mixins.json:compat.FramedAdjustableDoubleBlockEntityAccessor
[22Aug2026 03:45:53.268] [main/INFO] [VersionResolver/]: Resolve kubejs version: null
[22Aug2026 03:45:53.668] [main/WARN] [mixin/]: Error loading class: tschipp/carryon/common/carry/PickupHandler (java.lang.ClassNotFoundException: tschipp.carryon.common.carry.PickupHandler)
[22Aug2026 03:45:53.671] [main/WARN] [mixin/]: @Mixin target tschipp.carryon.common.carry.PickupHandler was not found fossil_forge.mixins.json:PickupHandlerMixin
[22Aug2026 03:45:54.300] [main/ERROR] [net.minecraftforge.fml.loading.RuntimeDistCleaner/DISTXFORM]: Attempted to load class com/mojang/blaze3d/vertex/PoseStack$Pose for invalid dist DEDICATED_SERVER
[22Aug2026 03:45:54.301] [main/WARN] [mixin/]: Error loading class: com/mojang/blaze3d/vertex/PoseStack$Pose (java.lang.RuntimeException: Attempted to load class com/mojang/blaze3d/vertex/PoseStack$Pose for invalid dist DEDICATED_SERVER)
[22Aug2026 03:45:54.474] [main/INFO] [MixinExtras|Service/]: Initializing MixinExtras via com.llamalad7.mixinextras.service.MixinExtrasServiceImpl(version=0.4.1).
[22Aug2026 03:45:55.089] [main/WARN] [net.minecraft.SystemReport/]: Failed retrieving info for group hardware
java.lang.NoClassDefFoundError: com/sun/jna/Platform
	at oshi.SystemInfo.<clinit>(SystemInfo.java:60) ~[oshi-core-6.2.2.jar%2369!/:6.2.2]
	at net.minecraft.SystemReport.m_143564_(SystemReport.java:52) ~[server-1.20.1-20230612.114412-srg.jar%23165!/:?]
	at net.minecraft.SystemReport.m_143516_(SystemReport.java:82) ~[server-1.20.1-20230612.114412-srg.jar%23165!/:?]
	at net.minecraft.SystemReport.<init>(SystemReport.java:52) ~[server-1.20.1-20230612.114412-srg.jar%23165!/:?]
	at net.minecraft.CrashReport.<init>(CrashReport.java:31) ~[server-1.20.1-20230612.114412-srg.jar%23165!/:?]
	at net.minecraft.CrashReport.m_127529_(CrashReport.java:216) ~[server-1.20.1-20230612.114412-srg.jar%23165!/:?]
	at net.minecraft.server.Main.main(Main.java:116) ~[server-1.20.1-20230612.114412-srg.jar%23165!/:?]
	at jdk.internal.reflect.NativeMethodAccessorImpl.invoke0(Native Method) ~[?:?]
	at jdk.internal.reflect.NativeMethodAccessorImpl.invoke(NativeMethodAccessorImpl.java:77) ~[?:?]
	at jdk.internal.reflect.DelegatingMethodAccessorImpl.invoke(DelegatingMethodAccessorImpl.java:43) ~[?:?]
	at java.lang.reflect.Method.invoke(Method.java:569) ~[?:?]
	at net.minecraftforge.fml.loading.targets.CommonLaunchHandler.runTarget(CommonLaunchHandler.java:111) ~[fmlloader-1.20.1-47.4.10.jar%2367!/:?]
	at net.minecraftforge.fml.loading.targets.CommonLaunchHandler.serverService(CommonLaunchHandler.java:103) ~[fmlloader-1.20.1-47.4.10.jar%2367!/:?]
	at net.minecraftforge.fml.loading.targets.CommonServerLaunchHandler.lambda$makeService$0(CommonServerLaunchHandler.java:27) ~[fmlloader-1.20.1-47.4.10.jar%2367!/:?]
	at cpw.mods.modlauncher.LaunchServiceHandlerDecorator.launch(LaunchServiceHandlerDecorator.java:30) ~[modlauncher-10.0.9.jar%2353!/:?]
	at cpw.mods.modlauncher.LaunchServiceHandler.launch(LaunchServiceHandler.java:53) ~[modlauncher-10.0.9.jar%2353!/:?]
	at cpw.mods.modlauncher.LaunchServiceHandler.launch(LaunchServiceHandler.java:71) ~[modlauncher-10.0.9.jar%2353!/:?]
	at cpw.mods.modlauncher.Launcher.run(Launcher.java:108) ~[modlauncher-10.0.9.jar%2353!/:?]
	at cpw.mods.modlauncher.Launcher.main(Launcher.java:78) ~[modlauncher-10.0.9.jar%2353!/:?]
	at cpw.mods.modlauncher.BootstrapLaunchConsumer.accept(BootstrapLaunchConsumer.java:26) ~[modlauncher-10.0.9.jar%2353!/:?]
	at cpw.mods.modlauncher.BootstrapLaunchConsumer.accept(BootstrapLaunchConsumer.java:23) ~[modlauncher-10.0.9.jar%2353!/:?]
	at cpw.mods.bootstraplauncher.BootstrapLauncher.main(BootstrapLauncher.java:141) ~[bootstraplauncher-1.1.2.jar:?]
Caused by: java.lang.ClassNotFoundException: com.sun.jna.Platform
	at jdk.internal.loader.BuiltinClassLoader.loadClass(BuiltinClassLoader.java:641) ~[?:?]
	at java.lang.ClassLoader.loadClass(ClassLoader.java:525) ~[?:?]
	at cpw.mods.cl.ModuleClassLoader.loadClass(ModuleClassLoader.java:137) ~[securejarhandler-2.1.10.jar:?]
	at java.lang.ClassLoader.loadClass(ClassLoader.java:525) ~[?:?]
	... 22 more
[22Aug2026 03:45:55.235] [main/INFO] [net.minecraft.server.Bootstrap/]: ModernFix reached bootstrap stage (21.70 s after launch)
[22Aug2026 03:45:55.627] [main/WARN] [mixin/]: @Final field delegatesByName:Ljava/util/Map; in modernfix-modernfix.mixins.json:perf.forge_registry_alloc.ForgeRegistryMixin should be final
[22Aug2026 03:45:55.628] [main/WARN] [mixin/]: @Final field delegatesByValue:Ljava/util/Map; in modernfix-modernfix.mixins.json:perf.forge_registry_alloc.ForgeRegistryMixin should be final
[22Aug2026 03:45:57.283] [main/INFO] [net.minecraft.server.Bootstrap/]: Vanilla bootstrap took 2027 milliseconds
[22Aug2026 03:46:01.174] [modloading-worker-0/INFO] [STDOUT/]: [com.tiviacz.travelersbackpack.TravelersBackpack:readOldCommonConfig:180]: curiosIntegration not found in the [common.backpackSettings] section.
[22Aug2026 03:46:01.372] [modloading-worker-0/INFO] [org.antarcticgardens.cna.CreateNewAge/]: Hello 1.20.1 Create!
[22Aug2026 03:46:01.841] [modloading-worker-0/INFO] [Railways/]: Steam 'n' Rails v1.6.14-beta initializing! Commit hash: a23701697f25a217ed967b564a216a6429e07009 on Create version: 6.0.8 on platform: Forge
[22Aug2026 03:46:02.186] [modloading-worker-0/INFO] [com.simibubi.create.Create/]: Create 6.0.8 initializing! Commit hash: 1a1a9a2819b4f89f78caec41b55ed8cb222fa24b
[22Aug2026 03:46:03.014] [modloading-worker-0/INFO] [thedarkcolour.kotlinforforge.test.KotlinForForge/]: Kotlin For Forge Enabled!
[22Aug2026 03:46:03.637] [modloading-worker-0/INFO] [net.minecraftforge.common.ForgeMod/FORGEMOD]: Forge mod loading, version 47.4.10, for MC 1.20.1 with MCP 20230612.114412
[22Aug2026 03:46:03.659] [modloading-worker-0/INFO] [net.minecraftforge.common.MinecraftForge/FORGE]: MinecraftForge v47.4.10 Initialized
[22Aug2026 03:46:03.842] [modloading-worker-0/INFO] [com.Akeltroll.dragonsofberk.DragonsofBerk/]: Initializing Dragons of Berk mod...
[22Aug2026 03:46:03.916] [modloading-worker-0/INFO] [com.Akeltroll.dragonsofberk.DragonsofBerk/]: Mod initialization complete.
[22Aug2026 03:46:04.047] [modloading-worker-0/INFO] [Railways/]: Registered bogey styles from railways
[22Aug2026 03:46:04.169] [modloading-worker-0/INFO] [dev.architectury.networking.forge.NetworkManagerImpl/]: Registering C2S receiver with id architectury:sync_ids
[22Aug2026 03:46:04.409] [modloading-worker-0/INFO] [Railways/]: Registering data fixers
[22Aug2026 03:46:04.598] [modloading-worker-0/INFO] [ModernFix/]: Bypassed Mojang DFU
[22Aug2026 03:46:04.600] [modloading-worker-0/INFO] [ModernFix/]: Instantiating Mojang DFU
[22Aug2026 03:46:05.142] [modloading-worker-0/INFO] [dev.architectury.networking.forge.NetworkManagerImpl/]: Registering C2S receiver with id fossil:cap_channel/537e4f78f24b30e4bee5892e8d9314fa
[22Aug2026 03:46:05.143] [modloading-worker-0/INFO] [dev.architectury.networking.forge.NetworkManagerImpl/]: Registering C2S receiver with id fossil:sync_channel/f7d73d83d6fa3fb99fb754f57f7238af
[22Aug2026 03:46:05.147] [modloading-worker-0/INFO] [dev.architectury.networking.forge.NetworkManagerImpl/]: Registering C2S receiver with id fossil:sync_channel/5ecf814711a7357f8ebd58d771f05139
[22Aug2026 03:46:05.148] [modloading-worker-0/INFO] [dev.architectury.networking.forge.NetworkManagerImpl/]: Registering C2S receiver with id fossil:sync_channel/2ae61e410df635b2b2c2d4eaa7b7afcb
[22Aug2026 03:46:05.161] [modloading-worker-0/INFO] [dev.architectury.networking.forge.NetworkManagerImpl/]: Registering C2S receiver with id fossil:sync_channel/600dc9ad56393757ae8315ba075af416
[22Aug2026 03:46:05.162] [modloading-worker-0/INFO] [dev.architectury.networking.forge.NetworkManagerImpl/]: Registering C2S receiver with id fossil:sync_channel/f58da9d045d839f69fc6dd355effa92e
[22Aug2026 03:46:05.166] [modloading-worker-0/INFO] [dev.architectury.networking.forge.NetworkManagerImpl/]: Registering C2S receiver with id fossil:sync_channel/ec18fa987d5331379c9156102188220c
[22Aug2026 03:46:05.167] [modloading-worker-0/INFO] [dev.architectury.networking.forge.NetworkManagerImpl/]: Registering C2S receiver with id fossil:sync_channel/b0228010ee3d3689beb49186e8009925
[22Aug2026 03:46:05.170] [modloading-worker-0/INFO] [dev.architectury.networking.forge.NetworkManagerImpl/]: Registering C2S receiver with id fossil:sync_channel/ed688e568fc63151a34c0f912fce9d27
[22Aug2026 03:46:05.174] [modloading-worker-0/INFO] [dev.architectury.networking.forge.NetworkManagerImpl/]: Registering C2S receiver with id fossil:sync_channel/8aaf614d5e2d39dd9e136e8c430145a9
[22Aug2026 03:46:05.175] [modloading-worker-0/INFO] [dev.architectury.networking.forge.NetworkManagerImpl/]: Registering C2S receiver with id fossil:sync_channel/08e9f40b177134efbc5eb99e2ad6bcb5
[22Aug2026 03:46:05.177] [modloading-worker-0/INFO] [dev.architectury.networking.forge.NetworkManagerImpl/]: Registering C2S receiver with id fossil:sync_channel/531d15ea7fd13018964a31b3ccac540a
[22Aug2026 03:46:05.305] [modloading-worker-0/INFO] [Puzzles Lib/]: Constructing common components for puzzleslib:main
[22Aug2026 03:46:05.717] [modloading-worker-0/INFO] [com.mojang.datafixers.DataFixerBuilder/]: 0 Datafixer optimizations took 0 milliseconds
[22Aug2026 03:46:05.724] [modloading-worker-0/INFO] [Railways/]: Registering tracks for Hex Casting
[22Aug2026 03:46:05.725] [modloading-worker-0/INFO] [Railways/]: Registering tracks for Oh The Biomes You'll Go
[22Aug2026 03:46:05.726] [modloading-worker-0/INFO] [Railways/]: Registering tracks for Blue Skies
[22Aug2026 03:46:05.727] [modloading-worker-0/INFO] [Railways/]: Registering tracks for Twilight Forest
[22Aug2026 03:46:05.728] [modloading-worker-0/INFO] [Railways/]: Registering tracks for Biomes O' Plenty
[22Aug2026 03:46:05.728] [modloading-worker-0/INFO] [Railways/]: Registering tracks for Nature's Spirit
[22Aug2026 03:46:05.728] [modloading-worker-0/INFO] [Railways/]: Registering tracks for Dreams and Desires
[22Aug2026 03:46:05.729] [modloading-worker-0/INFO] [Railways/]: Registering tracks for Quark
[22Aug2026 03:46:05.730] [modloading-worker-0/INFO] [Railways/]: Registering tracks for TerraFirmaCraft
[22Aug2026 03:46:09.310] [modloading-worker-0/INFO] [voicechat/]: [voicechat] Compatibility version 20
[22Aug2026 03:46:09.357] [modloading-worker-0/INFO] [voicechat/]: [voicechat] Loading plugins
[22Aug2026 03:46:09.367] [modloading-worker-0/INFO] [voicechat/]: [voicechat] Loaded 0 plugin(s)
[22Aug2026 03:46:09.367] [modloading-worker-0/INFO] [voicechat/]: [voicechat] Initializing plugins
[22Aug2026 03:46:09.367] [modloading-worker-0/INFO] [voicechat/]: [voicechat] Initialized 0 plugin(s)
[22Aug2026 03:46:09.370] [modloading-worker-0/INFO] [com.Akeltroll.dragonsofberk.DragonsofBerk/]: Starting common setup...
[22Aug2026 03:46:09.371] [modloading-worker-0/INFO] [com.Akeltroll.dragonsofberk.DragonsofBerk/]: Common setup complete.
[22Aug2026 03:46:09.381] [Forge Version Check/INFO] [net.minecraftforge.fml.VersionChecker/]: [copycats] Starting version check at https://raw.githubusercontent.com/copycats-plus/copycats/multiloader/update.json
[22Aug2026 03:46:09.439] [Forge Version Check/INFO] [net.minecraftforge.fml.VersionChecker/]: [copycats] Found status: AHEAD Current: 3.0.4+mc.1.20.1-forge Target: null
[22Aug2026 03:46:09.439] [Forge Version Check/INFO] [net.minecraftforge.fml.VersionChecker/]: [puzzlesaccessapi] Starting version check at https://raw.githubusercontent.com/Fuzss/modresources/main/update/puzzlesaccessapi.json
[22Aug2026 03:46:09.448] [Forge Version Check/INFO] [net.minecraftforge.fml.VersionChecker/]: [puzzlesaccessapi] Found status: BETA Current: 20.1.1 Target: null
[22Aug2026 03:46:09.449] [Forge Version Check/INFO] [net.minecraftforge.fml.VersionChecker/]: [voicechat] Starting version check at https://update.maxhenkel.de/forge/voicechat
[22Aug2026 03:46:09.583] [main/INFO] [com.tiviacz.travelersbackpack.TravelersBackpack/]: Registered the FluidEffect with Unique ID of minecraft:water for Water (Fluid Amount Required: 1000) with the ID 0
[22Aug2026 03:46:09.584] [main/INFO] [com.tiviacz.travelersbackpack.TravelersBackpack/]: Registered the FluidEffect with Unique ID of minecraft:lava for Lava (Fluid Amount Required: 1000) with the ID 1
[22Aug2026 03:46:09.584] [main/INFO] [com.tiviacz.travelersbackpack.TravelersBackpack/]: Registered the FluidEffect with Unique ID of travelersbackpack:potion for Uncraftable Potion (Fluid Amount Required: 250) with the ID 2
[22Aug2026 03:46:09.584] [main/INFO] [com.tiviacz.travelersbackpack.TravelersBackpack/]: Registered the FluidEffect with Unique ID of minecraft:milk for Milk (Fluid Amount Required: 1000) with the ID 3
[22Aug2026 03:46:09.668] [main/INFO] [terrablender/]: Registered region minecraft:overworld to index 0 for type OVERWORLD
[22Aug2026 03:46:09.668] [main/INFO] [terrablender/]: Registered region minecraft:nether to index 0 for type NETHER
[22Aug2026 03:46:09.668] [main/INFO] [terrablender/]: Registered region fossil:overworld to index 1 for type OVERWORLD
[22Aug2026 03:46:09.710] [Thread-0/INFO] [ModernFix/]: Please use /mfsrc to reload any changed mod config files
[22Aug2026 03:46:09.999] [Forge Version Check/INFO] [net.minecraftforge.fml.VersionChecker/]: [voicechat] Found status: OUTDATED Current: 1.20.1-2.6.11 Target: 1.20.1-2.6.22
[22Aug2026 03:46:10.000] [Forge Version Check/INFO] [net.minecraftforge.fml.VersionChecker/]: [forge] Starting version check at https://files.minecraftforge.net/net/minecraftforge/forge/promotions_slim.json
[22Aug2026 03:46:10.108] [Forge Version Check/INFO] [net.minecraftforge.fml.VersionChecker/]: [forge] Found status: UP_TO_DATE Current: 47.4.10 Target: null
[22Aug2026 03:46:10.108] [Forge Version Check/INFO] [net.minecraftforge.fml.VersionChecker/]: [computercraft] Starting version check at https://api.modrinth.com/updates/cc-tweaked/forge_updates.json
[22Aug2026 03:46:10.151] [main/INFO] [citadel/]: adding citadel surface rules via terrablender...
[22Aug2026 03:46:10.158] [main/INFO] [citadel/]: Added 0 vanilla biome surface rule types via terrablender
[22Aug2026 03:46:10.159] [main/INFO] [citadel/]: Added 0 modded biome surface rule types via terrablender
[22Aug2026 03:46:10.184] [Forge Version Check/INFO] [net.minecraftforge.fml.VersionChecker/]: [computercraft] Found status: OUTDATED Current: 1.108.0 Target: 1.120.2
[22Aug2026 03:46:10.184] [Forge Version Check/INFO] [net.minecraftforge.fml.VersionChecker/]: [puzzleslib] Starting version check at https://raw.githubusercontent.com/Fuzss/modresources/main/update/puzzleslib.json
[22Aug2026 03:46:10.193] [Forge Version Check/INFO] [net.minecraftforge.fml.VersionChecker/]: [puzzleslib] Found status: UP_TO_DATE Current: 8.1.33 Target: null
[22Aug2026 03:46:10.808] [main/INFO] [com.mojang.authlib.yggdrasil.YggdrasilAuthenticationService/]: Environment: authHost='https://authserver.mojang.com', accountsHost='https://api.mojang.com', sessionHost='https://sessionserver.mojang.com', servicesHost='https://api.minecraftservices.com', name='PROD'
[22Aug2026 03:46:11.453] [main/WARN] [net.minecraft.server.packs.VanillaPackResourcesBuilder/]: Assets URL 'union:/workspaces/holamundo/servidor_minecraft/libraries/net/minecraft/server/1.20.1-20230612.114412/server-1.20.1-20230612.114412-srg.jar%23165!/assets/.mcassetsroot' uses unexpected schema
[22Aug2026 03:46:11.454] [main/WARN] [net.minecraft.server.packs.VanillaPackResourcesBuilder/]: Assets URL 'union:/workspaces/holamundo/servidor_minecraft/libraries/net/minecraft/server/1.20.1-20230612.114412/server-1.20.1-20230612.114412-srg.jar%23165!/data/.mcassetsroot' uses unexpected schema
[22Aug2026 03:46:11.603] [main/INFO] [com.simibubi.create.Create/]: Created 243 recipes which will be injected into the game
[22Aug2026 03:46:11.614] [main/INFO] [com.simibubi.create.Create/]: Created 1 tags which will be injected into the game
[22Aug2026 03:46:13.568] [main/INFO] [com.github.alexthe666.alexsmobs.AlexsMobs/]: Adding datapack listener capsid_recipes
[22Aug2026 03:46:13.896] [Worker-Main-2/ERROR] [net.minecraft.tags.TagLoader/]: Couldn't load tag s_a_b:hard_steel_blocks as it is missing following references: s_a_b:armorwl (from s_a_b-1.4.3.jar), 
	s_a_b:armorwl_29 (from s_a_b-1.4.3.jar), 
	s_a_b:armorwl_31 (from s_a_b-1.4.3.jar), 
	s_a_b:armorwl_32 (from s_a_b-1.4.3.jar), 
	s_a_b:armorwlblack (from s_a_b-1.4.3.jar), 
	s_a_b:armorwlgray (from s_a_b-1.4.3.jar)
[22Aug2026 03:46:13.898] [Worker-Main-2/ERROR] [net.minecraft.tags.TagLoader/]: Couldn't load tag s_a_b:steel_blocks as it is missing following references: s_a_b:steelwl (from s_a_b-1.4.3.jar), 
	s_a_b:steelwl_29 (from s_a_b-1.4.3.jar), 
	s_a_b:steelwl_31 (from s_a_b-1.4.3.jar), 
	s_a_b:steelwl_32 (from s_a_b-1.4.3.jar), 
	s_a_b:steelwl_33 (from s_a_b-1.4.3.jar), 
	s_a_b:steelwlblack (from s_a_b-1.4.3.jar), 
	s_a_b:steelwlgray (from s_a_b-1.4.3.jar)
[22Aug2026 03:46:13.904] [Worker-Main-2/ERROR] [net.minecraft.tags.TagLoader/]: Couldn't load tag s_a_b:steel_slabs as it is missing following references: s_a_b:steelvslab (from s_a_b-1.4.3.jar), 
	s_a_b:steelslab (from s_a_b-1.4.3.jar), 
	s_a_b:steelblockcamoplainsslab (from s_a_b-1.4.3.jar), 
	s_a_b:steelblockcamoplainsvslab (from s_a_b-1.4.3.jar), 
	s_a_b:steelblockcamoforestslab (from s_a_b-1.4.3.jar), 
	s_a_b:steelblockcamoforestvslab (from s_a_b-1.4.3.jar), 
	s_a_b:steelblockcamosnowslab (from s_a_b-1.4.3.jar), 
	s_a_b:steelblockcamosnowvslab (from s_a_b-1.4.3.jar), 
	s_a_b:steelblockcamomesaslab (from s_a_b-1.4.3.jar), 
	s_a_b:steelblockcamomesavslab (from s_a_b-1.4.3.jar), 
	s_a_b:steelblockcamodesertslab (from s_a_b-1.4.3.jar), 
	s_a_b:steelblockcamodesertvslab (from s_a_b-1.4.3.jar), 
	s_a_b:steelblockcamoswampslab (from s_a_b-1.4.3.jar), 
	s_a_b:steelblockcamoswampvslab (from s_a_b-1.4.3.jar), 
	s_a_b:steelblockcamojungleslab (from s_a_b-1.4.3.jar), 
	s_a_b:steelblockcamojunglevslab (from s_a_b-1.4.3.jar), 
	s_a_b:steelblockcamotaigaslab (from s_a_b-1.4.3.jar), 
	s_a_b:steelblockcamotaigavslab (from s_a_b-1.4.3.jar), 
	s_a_b:blacksteelslab (from s_a_b-1.4.3.jar), 
	s_a_b:redsteelslab (from s_a_b-1.4.3.jar), 
	s_a_b:greensteelslab (from s_a_b-1.4.3.jar), 
	s_a_b:bluesteelslab (from s_a_b-1.4.3.jar), 
	s_a_b:cyansteelslab (from s_a_b-1.4.3.jar), 
	s_a_b:brownsteelslab (from s_a_b-1.4.3.jar), 
	s_a_b:graysteelslab (from s_a_b-1.4.3.jar), 
	s_a_b:lightgraysteelslab (from s_a_b-1.4.3.jar), 
	s_a_b:lightbluesteelslab (from s_a_b-1.4.3.jar), 
	s_a_b:magentasteelslab (from s_a_b-1.4.3.jar), 
	s_a_b:yellowsteelslab (from s_a_b-1.4.3.jar), 
	s_a_b:pinksteelslab (from s_a_b-1.4.3.jar), 
	s_a_b:purplesteelslab (from s_a_b-1.4.3.jar), 
	s_a_b:orangesteelslab (from s_a_b-1.4.3.jar), 
	s_a_b:limesteelslab (from s_a_b-1.4.3.jar), 
	s_a_b:whitesteelslab (from s_a_b-1.4.3.jar), 
	s_a_b:blacksteelvslab (from s_a_b-1.4.3.jar), 
	s_a_b:bluesteelvslab (from s_a_b-1.4.3.jar), 
	s_a_b:redsteelvslab (from s_a_b-1.4.3.jar), 
	s_a_b:greensteelvslab (from s_a_b-1.4.3.jar), 
	s_a_b:graysteelvslab (from s_a_b-1.4.3.jar), 
	s_a_b:cyansteelvslab (from s_a_b-1.4.3.jar), 
	s_a_b:brownsteelvslab (from s_a_b-1.4.3.jar), 
	s_a_b:lightgraysteelvslab (from s_a_b-1.4.3.jar), 
	s_a_b:lightbluesteelvslab (from s_a_b-1.4.3.jar), 
	s_a_b:magentasteelvslab (from s_a_b-1.4.3.jar), 
	s_a_b:yellowsteelvslab (from s_a_b-1.4.3.jar), 
	s_a_b:pinksteelvslab (from s_a_b-1.4.3.jar), 
	s_a_b:purplesteelvslab (from s_a_b-1.4.3.jar), 
	s_a_b:orangesteelvslab (from s_a_b-1.4.3.jar), 
	s_a_b:limesteelvslab (from s_a_b-1.4.3.jar), 
	s_a_b:whitesteelvslab (from s_a_b-1.4.3.jar), 
	s_a_b:steelvslabcolored_29 (from s_a_b-1.4.3.jar), 
	s_a_b:steelvslabcolored_31 (from s_a_b-1.4.3.jar), 
	s_a_b:steelvslabcolored_32 (from s_a_b-1.4.3.jar), 
	s_a_b:steelvslabcolored_33 (from s_a_b-1.4.3.jar), 
	s_a_b:steelvslabcoloredparade (from s_a_b-1.4.3.jar), 
	s_a_b:steelslabcolored_29 (from s_a_b-1.4.3.jar), 
	s_a_b:steelslabcolored_31 (from s_a_b-1.4.3.jar), 
	s_a_b:steelslabcolored_32 (from s_a_b-1.4.3.jar), 
	s_a_b:steelslabcolored_33 (from s_a_b-1.4.3.jar), 
	s_a_b:steelslabcoloredparade (from s_a_b-1.4.3.jar), 
	s_a_b:steelslabshipbottom (from s_a_b-1.4.3.jar), 
	s_a_b:steelvslabshipbottom (from s_a_b-1.4.3.jar), 
	s_a_b:steelslab_4bo (from s_a_b-1.4.3.jar), 
	s_a_b:steelvslab_4bo (from s_a_b-1.4.3.jar), 
	s_a_b:steelslabgelb (from s_a_b-1.4.3.jar), 
	s_a_b:steelvslabgelb (from s_a_b-1.4.3.jar), 
	s_a_b:steelslabpanzergrau (from s_a_b-1.4.3.jar), 
	s_a_b:steelvslabpanzergrau (from s_a_b-1.4.3.jar), 
	s_a_b:steeelslabrotbraun (from s_a_b-1.4.3.jar), 
	s_a_b:steelvslabrotbraun (from s_a_b-1.4.3.jar)
[22Aug2026 03:46:13.908] [Worker-Main-2/ERROR] [net.minecraft.tags.TagLoader/]: Couldn't load tag s_a_b:light_steel_slabs as it is missing following references: s_a_b:lightsteelvslab (from s_a_b-1.4.3.jar), 
	s_a_b:lightstellslab (from s_a_b-1.4.3.jar), 
	s_a_b:iightsteelcamoplainsslab (from s_a_b-1.4.3.jar), 
	s_a_b:iightsteelcamoplainsvslab (from s_a_b-1.4.3.jar), 
	s_a_b:iightsteelcamoforestslab (from s_a_b-1.4.3.jar), 
	s_a_b:iightsteelcamoforestverticalslab (from s_a_b-1.4.3.jar), 
	s_a_b:iightsteelcamosnowslab (from s_a_b-1.4.3.jar), 
	s_a_b:iightsteelcamosnowvslab (from s_a_b-1.4.3.jar), 
	s_a_b:iightsteelcamomesaslab (from s_a_b-1.4.3.jar), 
	s_a_b:iightsteelcamomesavslab (from s_a_b-1.4.3.jar), 
	s_a_b:iightsteelcamodesertslab (from s_a_b-1.4.3.jar), 
	s_a_b:iightsteelcamodesertvslab (from s_a_b-1.4.3.jar), 
	s_a_b:iightsteelcamoswampslab (from s_a_b-1.4.3.jar), 
	s_a_b:iightsteelcamoswampvslab (from s_a_b-1.4.3.jar), 
	s_a_b:iightsteelcamojungleslab (from s_a_b-1.4.3.jar), 
	s_a_b:iightsteelcamojunglevslab (from s_a_b-1.4.3.jar), 
	s_a_b:iightsteelcamotaigaslab (from s_a_b-1.4.3.jar), 
	s_a_b:iightsteelcamotaigavslab (from s_a_b-1.4.3.jar), 
	s_a_b:blakclightsteelslab (from s_a_b-1.4.3.jar), 
	s_a_b:redlightsteelslab (from s_a_b-1.4.3.jar), 
	s_a_b:greenlightsteelslab (from s_a_b-1.4.3.jar), 
	s_a_b:bluelightsteelslab (from s_a_b-1.4.3.jar), 
	s_a_b:cyanlightsteelslab (from s_a_b-1.4.3.jar), 
	s_a_b:brownlightsteelslab (from s_a_b-1.4.3.jar), 
	s_a_b:graylightsteelslab (from s_a_b-1.4.3.jar), 
	s_a_b:lightgraylightsteelslab (from s_a_b-1.4.3.jar), 
	s_a_b:lightbluelightsteelslab (from s_a_b-1.4.3.jar), 
	s_a_b:magentalightsteelslab (from s_a_b-1.4.3.jar), 
	s_a_b:yellowlightsteelslab (from s_a_b-1.4.3.jar), 
	s_a_b:pinklightsteelslab (from s_a_b-1.4.3.jar), 
	s_a_b:purplelightsteelslab (from s_a_b-1.4.3.jar), 
	s_a_b:orangelightsteelslab (from s_a_b-1.4.3.jar), 
	s_a_b:limelightsteelslab (from s_a_b-1.4.3.jar), 
	s_a_b:whitelightsteelslab (from s_a_b-1.4.3.jar), 
	s_a_b:blacklightsteelvslab (from s_a_b-1.4.3.jar), 
	s_a_b:redlightsteelvslab (from s_a_b-1.4.3.jar), 
	s_a_b:greenlightsteelvslab (from s_a_b-1.4.3.jar), 
	s_a_b:bluelightsteelvslab (from s_a_b-1.4.3.jar), 
	s_a_b:cyanlightsteelvslab (from s_a_b-1.4.3.jar), 
	s_a_b:brownlightsteelvslab (from s_a_b-1.4.3.jar), 
	s_a_b:graylightsteelvslab (from s_a_b-1.4.3.jar), 
	s_a_b:lightgraylightsteelvslab (from s_a_b-1.4.3.jar), 
	s_a_b:lightbluelightsteelvslab (from s_a_b-1.4.3.jar), 
	s_a_b:magentalightsteelvslab (from s_a_b-1.4.3.jar), 
	s_a_b:yellowlightsteelvslab (from s_a_b-1.4.3.jar), 
	s_a_b:pinklightsteelvslab (from s_a_b-1.4.3.jar), 
	s_a_b:purplelightsteelvslab (from s_a_b-1.4.3.jar), 
	s_a_b:orangelightsteelvslab (from s_a_b-1.4.3.jar), 
	s_a_b:limelightsteelvslab (from s_a_b-1.4.3.jar), 
	s_a_b:whitelightsteelvslab (from s_a_b-1.4.3.jar), 
	s_a_b:lightsteelvslabcolored_29 (from s_a_b-1.4.3.jar), 
	s_a_b:lightsteelvslabcolored_31 (from s_a_b-1.4.3.jar), 
	s_a_b:lightsteelvslabcolored_32 (from s_a_b-1.4.3.jar), 
	s_a_b:lightsteelvslabcolored_33 (from s_a_b-1.4.3.jar), 
	s_a_b:lightsteelvslabcoloredparade (from s_a_b-1.4.3.jar), 
	s_a_b:lightsteelslabcolored_29 (from s_a_b-1.4.3.jar), 
	s_a_b:lightsteelslabcolored_31 (from s_a_b-1.4.3.jar), 
	s_a_b:lightsteelslabcolored_32 (from s_a_b-1.4.3.jar), 
	s_a_b:lightsteelslabcolored_33 (from s_a_b-1.4.3.jar), 
	s_a_b:lightsteelslabcoloredparade (from s_a_b-1.4.3.jar), 
	s_a_b:lightsteelslab (from s_a_b-1.4.3.jar), 
	s_a_b:lightsteelvslabshipbottom (from s_a_b-1.4.3.jar), 
	s_a_b:lightsteelslab_4bo (from s_a_b-1.4.3.jar), 
	s_a_b:lightsteelvslab_4bo (from s_a_b-1.4.3.jar), 
	s_a_b:lightsteelslavgelb (from s_a_b-1.4.3.jar), 
	s_a_b:lightsteelvslabgelb (from s_a_b-1.4.3.jar), 
	s_a_b:lightsteelslabpanzergrau (from s_a_b-1.4.3.jar), 
	s_a_b:lightsteelvslabpanzergrau (from s_a_b-1.4.3.jar), 
	s_a_b:lightsteelslabrotbraun (from s_a_b-1.4.3.jar), 
	s_a_b:lightsteelvslabrotbraun (from s_a_b-1.4.3.jar)
[22Aug2026 03:46:13.908] [Worker-Main-2/ERROR] [net.minecraft.tags.TagLoader/]: Couldn't load tag s_a_b:steel_stairs as it is missing following references: s_a_b:steelarmorstairs (from s_a_b-1.4.3.jar), 
	s_a_b:steelblockcamoplainsstairs (from s_a_b-1.4.3.jar), 
	s_a_b:steelblockcamoforeststairs (from s_a_b-1.4.3.jar), 
	s_a_b:steelblockcamosnowstairs (from s_a_b-1.4.3.jar), 
	s_a_b:steelblockcamodesertstairs (from s_a_b-1.4.3.jar), 
	s_a_b:steelblockcamomesastairs (from s_a_b-1.4.3.jar), 
	s_a_b:steelblockcamoswampstairs (from s_a_b-1.4.3.jar), 
	s_a_b:steelblockcamojunglestairs (from s_a_b-1.4.3.jar), 
	s_a_b:steelblockcamotaigastairs (from s_a_b-1.4.3.jar), 
	s_a_b:blacksteelarmorstairs (from s_a_b-1.4.3.jar), 
	s_a_b:redsteelarmorstairs (from s_a_b-1.4.3.jar), 
	s_a_b:greensteelarmorstairs (from s_a_b-1.4.3.jar), 
	s_a_b:bluesteelarmorstairs (from s_a_b-1.4.3.jar), 
	s_a_b:cyansteelarmorstairs (from s_a_b-1.4.3.jar), 
	s_a_b:brownsteelarmorstairs (from s_a_b-1.4.3.jar), 
	s_a_b:graysteelarmorstairs (from s_a_b-1.4.3.jar), 
	s_a_b:lightgraysteelarmorstairs (from s_a_b-1.4.3.jar), 
	s_a_b:lightbluesteelarmorstairs (from s_a_b-1.4.3.jar), 
	s_a_b:magentasteelarmorstairs (from s_a_b-1.4.3.jar), 
	s_a_b:yellowsteelarmorstairs (from s_a_b-1.4.3.jar), 
	s_a_b:pinksteelarmorstairs (from s_a_b-1.4.3.jar), 
	s_a_b:purplesteelarmorstairs (from s_a_b-1.4.3.jar), 
	s_a_b:orangesteelarmorstairs (from s_a_b-1.4.3.jar), 
	s_a_b:limesteelarmorstairs (from s_a_b-1.4.3.jar), 
	s_a_b:whitesteelarmorstairs (from s_a_b-1.4.3.jar), 
	s_a_b:steelstairscolored_31 (from s_a_b-1.4.3.jar), 
	s_a_b:steelstairscolored_32 (from s_a_b-1.4.3.jar), 
	s_a_b:steelstairscolored_33 (from s_a_b-1.4.3.jar), 
	s_a_b:steelstairscoloredparade (from s_a_b-1.4.3.jar), 
	s_a_b:steelstairsshipbottom (from s_a_b-1.4.3.jar), 
	s_a_b:steelstairs_4bo (from s_a_b-1.4.3.jar), 
	s_a_b:steelstairsgelb (from s_a_b-1.4.3.jar), 
	s_a_b:steelstairspanzergrau (from s_a_b-1.4.3.jar), 
	s_a_b:steelstairsrotbraun (from s_a_b-1.4.3.jar)
[22Aug2026 03:46:13.908] [Worker-Main-2/ERROR] [net.minecraft.tags.TagLoader/]: Couldn't load tag s_a_b:hard_steel_stairs as it is missing following references: s_a_b:lghtsteelstairscoloredparade (from s_a_b-1.4.3.jar)
[22Aug2026 03:46:13.910] [Worker-Main-1/ERROR] [net.minecraft.tags.TagLoader/]: Couldn't load tag minecraft:needs_iron_tool as it is missing following references: cbc_at:heavy_autocannon_barrel_cast_mould (from cbc_at_Forge_1.20.1_0.1.3b.jar), 
	cbc_at:heavy_autocannon_recoil_spring_cast_mould (from cbc_at_Forge_1.20.1_0.1.3b.jar), 
	cbc_at:heavy_autocannon_breech_cast_mould (from cbc_at_Forge_1.20.1_0.1.3b.jar), 
	cbc_at:heavy_autocannon_qfbreech_cast_mould (from cbc_at_Forge_1.20.1_0.1.3b.jar)
[22Aug2026 03:46:13.919] [Worker-Main-2/ERROR] [net.minecraft.tags.TagLoader/]: Couldn't load tag s_a_b:light_steel_blocks as it is missing following references: s_a_b:lightwl (from s_a_b-1.4.3.jar), 
	s_a_b:lightwl_29 (from s_a_b-1.4.3.jar), 
	s_a_b:lightwl_31 (from s_a_b-1.4.3.jar), 
	s_a_b:lightwl_32 (from s_a_b-1.4.3.jar), 
	s_a_b:lightwl_33 (from s_a_b-1.4.3.jar), 
	s_a_b:lightwlblack (from s_a_b-1.4.3.jar), 
	s_a_b:lightwlgray (from s_a_b-1.4.3.jar)
[22Aug2026 03:46:13.920] [Worker-Main-2/ERROR] [net.minecraft.tags.TagLoader/]: Couldn't load tag s_a_b:light_steel_stairs as it is missing following references: s_a_b:lightsteelstairs (from s_a_b-1.4.3.jar), 
	s_a_b:iightsteelcamoplainsstairs (from s_a_b-1.4.3.jar), 
	s_a_b:iightsteelcamoforest (from s_a_b-1.4.3.jar), 
	s_a_b:iightsteelcamosnowstairs (from s_a_b-1.4.3.jar), 
	s_a_b:iightsteelcamodesertstairs (from s_a_b-1.4.3.jar), 
	s_a_b:iightsteelcamomesastairs (from s_a_b-1.4.3.jar), 
	s_a_b:iightsteelcamoswampstairs (from s_a_b-1.4.3.jar), 
	s_a_b:iightsteelcamojunglestairs (from s_a_b-1.4.3.jar), 
	s_a_b:iightsteelcamotaiga (from s_a_b-1.4.3.jar), 
	s_a_b:blacklightsteelstairs (from s_a_b-1.4.3.jar), 
	s_a_b:redlightsteelstairs (from s_a_b-1.4.3.jar), 
	s_a_b:greenlightsteelstairs (from s_a_b-1.4.3.jar), 
	s_a_b:bluelightsteelstairs (from s_a_b-1.4.3.jar), 
	s_a_b:cyanlightsteelstairs (from s_a_b-1.4.3.jar), 
	s_a_b:brownlightsteelstairs (from s_a_b-1.4.3.jar), 
	s_a_b:graylightsteelstairs (from s_a_b-1.4.3.jar), 
	s_a_b:lightgraylightsteelstairs (from s_a_b-1.4.3.jar), 
	s_a_b:lightbluelightsteelstairs (from s_a_b-1.4.3.jar), 
	s_a_b:magentalightsteelstairs (from s_a_b-1.4.3.jar), 
	s_a_b:yellowlightsteelstairs (from s_a_b-1.4.3.jar), 
	s_a_b:pinklightsteelstairs (from s_a_b-1.4.3.jar), 
	s_a_b:purplelightsteelstairs (from s_a_b-1.4.3.jar), 
	s_a_b:orangelightsteelstairs (from s_a_b-1.4.3.jar), 
	s_a_b:limelightsteelstairs (from s_a_b-1.4.3.jar), 
	s_a_b:whitelightsteelstairs (from s_a_b-1.4.3.jar), 
	s_a_b:lightsteelstairscolored_29 (from s_a_b-1.4.3.jar), 
	s_a_b:lghtsteelstairscolored_31 (from s_a_b-1.4.3.jar), 
	s_a_b:lghtsteelstairscolored_32 (from s_a_b-1.4.3.jar), 
	s_a_b:lghtsteelstairscolored_33 (from s_a_b-1.4.3.jar), 
	s_a_b:lightsteelstairsshipbottom (from s_a_b-1.4.3.jar), 
	s_a_b:lightsteelstairs_4bo (from s_a_b-1.4.3.jar), 
	s_a_b:lightsteelstairsgelb (from s_a_b-1.4.3.jar), 
	s_a_b:lightsteelstairspanzergrau (from s_a_b-1.4.3.jar), 
	s_a_b:lightsteelstairsrotbraun (from s_a_b-1.4.3.jar)
[22Aug2026 03:46:14.585] [Worker-Main-3/ERROR] [net.minecraftforge.common.ForgeHooks/]: Couldn't parse element loot_tables:cbc_at:blocks/heavy_autocannon_barrel_cast_mould
com.google.gson.JsonSyntaxException: Expected name to be an item, was unknown string 'cbc_at:heavy_autocannon_barrel_cast_mould'
	at net.minecraft.util.GsonHelper.m_13866_(GsonHelper.java:145) ~[server-1.20.1-20230612.114412-srg.jar%23165!/:?]
	at java.util.Optional.orElseThrow(Optional.java:403) ~[?:?]
	at net.minecraft.util.GsonHelper.m_13874_(GsonHelper.java:145) ~[server-1.20.1-20230612.114412-srg.jar%23165!/:?]
	at net.minecraft.util.GsonHelper.m_13909_(GsonHelper.java:153) ~[server-1.20.1-20230612.114412-srg.jar%23165!/:?]
	at net.minecraft.world.level.storage.loot.entries.LootItem$Serializer.m_7267_(LootItem.java:55) ~[server-1.20.1-20230612.114412-srg.jar%23165!/:?]
	at net.minecraft.world.level.storage.loot.entries.LootItem$Serializer.m_7267_(LootItem.java:40) ~[server-1.20.1-20230612.114412-srg.jar%23165!/:?]
	at net.minecraft.world.level.storage.loot.entries.LootPoolSingletonContainer$Serializer.m_5921_(LootPoolSingletonContainer.java:151) ~[server-1.20.1-20230612.114412-srg.jar%23165!/:?]
	at net.minecraft.world.level.storage.loot.entries.LootPoolSingletonContainer$Serializer.m_5921_(LootPoolSingletonContainer.java:129) ~[server-1.20.1-20230612.114412-srg.jar%23165!/:?]
	at net.minecraft.world.level.storage.loot.entries.LootPoolEntryContainer$Serializer.m_7561_(LootPoolEntryContainer.java:86) ~[server-1.20.1-20230612.114412-srg.jar%23165!/:?]
	at net.minecraft.world.level.storage.loot.entries.LootPoolEntryContainer$Serializer.m_7561_(LootPoolEntryContainer.java:74) ~[server-1.20.1-20230612.114412-srg.jar%23165!/:?]
	at net.minecraft.world.level.storage.loot.GsonAdapterFactory$JsonAdapter.deserialize(GsonAdapterFactory.java:102) ~[server-1.20.1-20230612.114412-srg.jar%23165!/:?]
	at com.google.gson.internal.bind.TreeTypeAdapter.read(TreeTypeAdapter.java:76) ~[gson-2.10.jar%2370!/:?]
	at com.google.gson.internal.bind.TypeAdapterRuntimeTypeWrapper.read(TypeAdapterRuntimeTypeWrapper.java:40) ~[gson-2.10.jar%2370!/:?]
	at com.google.gson.internal.bind.ArrayTypeAdapter.read(ArrayTypeAdapter.java:72) ~[gson-2.10.jar%2370!/:?]
	at com.google.gson.Gson.fromJson(Gson.java:1214) ~[gson-2.10.jar%2370!/:?]
	at com.google.gson.Gson.fromJson(Gson.java:1319) ~[gson-2.10.jar%2370!/:?]
	at com.google.gson.Gson.fromJson(Gson.java:1290) ~[gson-2.10.jar%2370!/:?]
	at com.google.gson.internal.bind.TreeTypeAdapter$GsonContextImpl.deserialize(TreeTypeAdapter.java:179) ~[gson-2.10.jar%2370!/:?]
	at net.minecraft.util.GsonHelper.m_13808_(GsonHelper.java:463) ~[server-1.20.1-20230612.114412-srg.jar%23165!/:?]
	at net.minecraft.util.GsonHelper.m_13836_(GsonHelper.java:471) ~[server-1.20.1-20230612.114412-srg.jar%23165!/:?]
	at net.minecraft.world.level.storage.loot.LootPool$Serializer.deserialize(LootPool.java:192) ~[server-1.20.1-20230612.114412-srg.jar%23165!/:?]
	at net.minecraft.world.level.storage.loot.LootPool$Serializer.deserialize(LootPool.java:189) ~[server-1.20.1-20230612.114412-srg.jar%23165!/:?]
	at com.google.gson.internal.bind.TreeTypeAdapter.read(TreeTypeAdapter.java:76) ~[gson-2.10.jar%2370!/:?]
	at com.google.gson.internal.bind.TypeAdapterRuntimeTypeWrapper.read(TypeAdapterRuntimeTypeWrapper.java:40) ~[gson-2.10.jar%2370!/:?]
	at com.google.gson.internal.bind.ArrayTypeAdapter.read(ArrayTypeAdapter.java:72) ~[gson-2.10.jar%2370!/:?]
	at com.google.gson.Gson.fromJson(Gson.java:1214) ~[gson-2.10.jar%2370!/:?]
	at com.google.gson.Gson.fromJson(Gson.java:1319) ~[gson-2.10.jar%2370!/:?]
	at com.google.gson.Gson.fromJson(Gson.java:1290) ~[gson-2.10.jar%2370!/:?]
	at com.google.gson.internal.bind.TreeTypeAdapter$GsonContextImpl.deserialize(TreeTypeAdapter.java:179) ~[gson-2.10.jar%2370!/:?]
	at net.minecraft.util.GsonHelper.m_13808_(GsonHelper.java:463) ~[server-1.20.1-20230612.114412-srg.jar%23165!/:?]
	at net.minecraft.util.GsonHelper.m_13845_(GsonHelper.java:481) ~[server-1.20.1-20230612.114412-srg.jar%23165!/:?]
	at net.minecraft.world.level.storage.loot.LootTable$Serializer.deserialize(LootTable.java:294) ~[server-1.20.1-20230612.114412-srg.jar%23165!/:?]
	at net.minecraft.world.level.storage.loot.LootTable$Serializer.deserialize(LootTable.java:291) ~[server-1.20.1-20230612.114412-srg.jar%23165!/:?]
	at com.google.gson.internal.bind.TreeTypeAdapter.read(TreeTypeAdapter.java:76) ~[gson-2.10.jar%2370!/:?]
	at com.google.gson.Gson.fromJson(Gson.java:1214) ~[gson-2.10.jar%2370!/:?]
	at com.google.gson.Gson.fromJson(Gson.java:1319) ~[gson-2.10.jar%2370!/:?]
	at com.google.gson.Gson.fromJson(Gson.java:1261) ~[gson-2.10.jar%2370!/:?]
	at net.minecraftforge.common.ForgeHooks.loadLootTable(ForgeHooks.java:872) ~[forge-1.20.1-47.4.10-universal.jar%23170!/:?]
	at net.minecraftforge.common.ForgeHooks.lambda$getLootTableDeserializer$3(ForgeHooks.java:849) ~[forge-1.20.1-47.4.10-universal.jar%23170!/:?]
	at net.minecraft.world.level.storage.loot.LootDataType.deserialize(LootDataType.java:45) ~[server-1.20.1-20230612.114412-srg.jar%23165!/:?]
	at net.minecraft.world.level.storage.loot.LootDataManager.lambda$scheduleElementParse$4(LootDataManager.java:56) ~[server-1.20.1-20230612.114412-srg.jar%23165!/:?]
	at java.util.HashMap.forEach(HashMap.java:1421) ~[?:?]
	at net.minecraft.world.level.storage.loot.LootDataManager.m_278660_(LootDataManager.java:55) ~[server-1.20.1-20230612.114412-srg.jar%23165!/:?]
	at java.util.concurrent.CompletableFuture$AsyncRun.run(CompletableFuture.java:1804) ~[?:?]
	at java.util.concurrent.CompletableFuture$AsyncRun.exec(CompletableFuture.java:1796) ~[?:?]
	at java.util.concurrent.ForkJoinTask.doExec(ForkJoinTask.java:373) ~[?:?]
	at java.util.concurrent.ForkJoinPool$WorkQueue.topLevelExec(ForkJoinPool.java:1182) ~[?:?]
	at java.util.concurrent.ForkJoinPool.scan(ForkJoinPool.java:1655) ~[?:?]
	at java.util.concurrent.ForkJoinPool.runWorker(ForkJoinPool.java:1622) ~[?:?]
	at java.util.concurrent.ForkJoinWorkerThread.run(ForkJoinWorkerThread.java:165) ~[?:?]
[22Aug2026 03:46:14.608] [Worker-Main-3/ERROR] [net.minecraftforge.common.ForgeHooks/]: Couldn't parse element loot_tables:cbc_at:blocks/heavy_autocannon_recoil_spring_cast_mould
com.google.gson.JsonSyntaxException: Expected name to be an item, was unknown string 'cbc_at:heavy_autocannon_recoil_spring_cast_mould'
	at net.minecraft.util.GsonHelper.m_13866_(GsonHelper.java:145) ~[server-1.20.1-20230612.114412-srg.jar%23165!/:?]
	at java.util.Optional.orElseThrow(Optional.java:403) ~[?:?]
	at net.minecraft.util.GsonHelper.m_13874_(GsonHelper.java:145) ~[server-1.20.1-20230612.114412-srg.jar%23165!/:?]
	at net.minecraft.util.GsonHelper.m_13909_(GsonHelper.java:153) ~[server-1.20.1-20230612.114412-srg.jar%23165!/:?]
	at net.minecraft.world.level.storage.loot.entries.LootItem$Serializer.m_7267_(LootItem.java:55) ~[server-1.20.1-20230612.114412-srg.jar%23165!/:?]
	at net.minecraft.world.level.storage.loot.entries.LootItem$Serializer.m_7267_(LootItem.java:40) ~[server-1.20.1-20230612.114412-srg.jar%23165!/:?]
	at net.minecraft.world.level.storage.loot.entries.LootPoolSingletonContainer$Serializer.m_5921_(LootPoolSingletonContainer.java:151) ~[server-1.20.1-20230612.114412-srg.jar%23165!/:?]
	at net.minecraft.world.level.storage.loot.entries.LootPoolSingletonContainer$Serializer.m_5921_(LootPoolSingletonContainer.java:129) ~[server-1.20.1-20230612.114412-srg.jar%23165!/:?]
	at net.minecraft.world.level.storage.loot.entries.LootPoolEntryContainer$Serializer.m_7561_(LootPoolEntryContainer.java:86) ~[server-1.20.1-20230612.114412-srg.jar%23165!/:?]
	at net.minecraft.world.level.storage.loot.entries.LootPoolEntryContainer$Serializer.m_7561_(LootPoolEntryContainer.java:74) ~[server-1.20.1-20230612.114412-srg.jar%23165!/:?]
	at net.minecraft.world.level.storage.loot.GsonAdapterFactory$JsonAdapter.deserialize(GsonAdapterFactory.java:102) ~[server-1.20.1-20230612.114412-srg.jar%23165!/:?]
	at com.google.gson.internal.bind.TreeTypeAdapter.read(TreeTypeAdapter.java:76) ~[gson-2.10.jar%2370!/:?]
	at com.google.gson.internal.bind.TypeAdapterRuntimeTypeWrapper.read(TypeAdapterRuntimeTypeWrapper.java:40) ~[gson-2.10.jar%2370!/:?]
	at com.google.gson.internal.bind.ArrayTypeAdapter.read(ArrayTypeAdapter.java:72) ~[gson-2.10.jar%2370!/:?]
	at com.google.gson.Gson.fromJson(Gson.java:1214) ~[gson-2.10.jar%2370!/:?]
	at com.google.gson.Gson.fromJson(Gson.java:1319) ~[gson-2.10.jar%2370!/:?]
	at com.google.gson.Gson.fromJson(Gson.java:1290) ~[gson-2.10.jar%2370!/:?]
	at com.google.gson.internal.bind.TreeTypeAdapter$GsonContextImpl.deserialize(TreeTypeAdapter.java:179) ~[gson-2.10.jar%2370!/:?]
	at net.minecraft.util.GsonHelper.m_13808_(GsonHelper.java:463) ~[server-1.20.1-20230612.114412-srg.jar%23165!/:?]
	at net.minecraft.util.GsonHelper.m_13836_(GsonHelper.java:471) ~[server-1.20.1-20230612.114412-srg.jar%23165!/:?]
	at net.minecraft.world.level.storage.loot.LootPool$Serializer.deserialize(LootPool.java:192) ~[server-1.20.1-20230612.114412-srg.jar%23165!/:?]
	at net.minecraft.world.level.storage.loot.LootPool$Serializer.deserialize(LootPool.java:189) ~[server-1.20.1-20230612.114412-srg.jar%23165!/:?]
	at com.google.gson.internal.bind.TreeTypeAdapter.read(TreeTypeAdapter.java:76) ~[gson-2.10.jar%2370!/:?]
	at com.google.gson.internal.bind.TypeAdapterRuntimeTypeWrapper.read(TypeAdapterRuntimeTypeWrapper.java:40) ~[gson-2.10.jar%2370!/:?]
	at com.google.gson.internal.bind.ArrayTypeAdapter.read(ArrayTypeAdapter.java:72) ~[gson-2.10.jar%2370!/:?]
	at com.google.gson.Gson.fromJson(Gson.java:1214) ~[gson-2.10.jar%2370!/:?]
	at com.google.gson.Gson.fromJson(Gson.java:1319) ~[gson-2.10.jar%2370!/:?]
	at com.google.gson.Gson.fromJson(Gson.java:1290) ~[gson-2.10.jar%2370!/:?]
	at com.google.gson.internal.bind.TreeTypeAdapter$GsonContextImpl.deserialize(TreeTypeAdapter.java:179) ~[gson-2.10.jar%2370!/:?]
	at net.minecraft.util.GsonHelper.m_13808_(GsonHelper.java:463) ~[server-1.20.1-20230612.114412-srg.jar%23165!/:?]
	at net.minecraft.util.GsonHelper.m_13845_(GsonHelper.java:481) ~[server-1.20.1-20230612.114412-srg.jar%23165!/:?]
	at net.minecraft.world.level.storage.loot.LootTable$Serializer.deserialize(LootTable.java:294) ~[server-1.20.1-20230612.114412-srg.jar%23165!/:?]
	at net.minecraft.world.level.storage.loot.LootTable$Serializer.deserialize(LootTable.java:291) ~[server-1.20.1-20230612.114412-srg.jar%23165!/:?]
	at com.google.gson.internal.bind.TreeTypeAdapter.read(TreeTypeAdapter.java:76) ~[gson-2.10.jar%2370!/:?]
	at com.google.gson.Gson.fromJson(Gson.java:1214) ~[gson-2.10.jar%2370!/:?]
	at com.google.gson.Gson.fromJson(Gson.java:1319) ~[gson-2.10.jar%2370!/:?]
	at com.google.gson.Gson.fromJson(Gson.java:1261) ~[gson-2.10.jar%2370!/:?]
	at net.minecraftforge.common.ForgeHooks.loadLootTable(ForgeHooks.java:872) ~[forge-1.20.1-47.4.10-universal.jar%23170!/:?]
	at net.minecraftforge.common.ForgeHooks.lambda$getLootTableDeserializer$3(ForgeHooks.java:849) ~[forge-1.20.1-47.4.10-universal.jar%23170!/:?]
	at net.minecraft.world.level.storage.loot.LootDataType.deserialize(LootDataType.java:45) ~[server-1.20.1-20230612.114412-srg.jar%23165!/:?]
	at net.minecraft.world.level.storage.loot.LootDataManager.lambda$scheduleElementParse$4(LootDataManager.java:56) ~[server-1.20.1-20230612.114412-srg.jar%23165!/:?]
	at java.util.HashMap.forEach(HashMap.java:1421) ~[?:?]
	at net.minecraft.world.level.storage.loot.LootDataManager.m_278660_(LootDataManager.java:55) ~[server-1.20.1-20230612.114412-srg.jar%23165!/:?]
	at java.util.concurrent.CompletableFuture$AsyncRun.run(CompletableFuture.java:1804) ~[?:?]
	at java.util.concurrent.CompletableFuture$AsyncRun.exec(CompletableFuture.java:1796) ~[?:?]
	at java.util.concurrent.ForkJoinTask.doExec(ForkJoinTask.java:373) ~[?:?]
	at java.util.concurrent.ForkJoinPool$WorkQueue.topLevelExec(ForkJoinPool.java:1182) ~[?:?]
	at java.util.concurrent.ForkJoinPool.scan(ForkJoinPool.java:1655) ~[?:?]
	at java.util.concurrent.ForkJoinPool.runWorker(ForkJoinPool.java:1622) ~[?:?]
	at java.util.concurrent.ForkJoinWorkerThread.run(ForkJoinWorkerThread.java:165) ~[?:?]
[22Aug2026 03:46:14.640] [Worker-Main-3/ERROR] [net.minecraftforge.common.ForgeHooks/]: Couldn't parse element loot_tables:cbc_at:blocks/heavy_autocannon_breech_cast_mould
com.google.gson.JsonSyntaxException: Expected name to be an item, was unknown string 'cbc_at:heavy_autocannon_breech_cast_mould'
	at net.minecraft.util.GsonHelper.m_13866_(GsonHelper.java:145) ~[server-1.20.1-20230612.114412-srg.jar%23165!/:?]
	at java.util.Optional.orElseThrow(Optional.java:403) ~[?:?]
	at net.minecraft.util.GsonHelper.m_13874_(GsonHelper.java:145) ~[server-1.20.1-20230612.114412-srg.jar%23165!/:?]
	at net.minecraft.util.GsonHelper.m_13909_(GsonHelper.java:153) ~[server-1.20.1-20230612.114412-srg.jar%23165!/:?]
	at net.minecraft.world.level.storage.loot.entries.LootItem$Serializer.m_7267_(LootItem.java:55) ~[server-1.20.1-20230612.114412-srg.jar%23165!/:?]
	at net.minecraft.world.level.storage.loot.entries.LootItem$Serializer.m_7267_(LootItem.java:40) ~[server-1.20.1-20230612.114412-srg.jar%23165!/:?]
	at net.minecraft.world.level.storage.loot.entries.LootPoolSingletonContainer$Serializer.m_5921_(LootPoolSingletonContainer.java:151) ~[server-1.20.1-20230612.114412-srg.jar%23165!/:?]
	at net.minecraft.world.level.storage.loot.entries.LootPoolSingletonContainer$Serializer.m_5921_(LootPoolSingletonContainer.java:129) ~[server-1.20.1-20230612.114412-srg.jar%23165!/:?]
	at net.minecraft.world.level.storage.loot.entries.LootPoolEntryContainer$Serializer.m_7561_(LootPoolEntryContainer.java:86) ~[server-1.20.1-20230612.114412-srg.jar%23165!/:?]
	at net.minecraft.world.level.storage.loot.entries.LootPoolEntryContainer$Serializer.m_7561_(LootPoolEntryContainer.java:74) ~[server-1.20.1-20230612.114412-srg.jar%23165!/:?]
	at net.minecraft.world.level.storage.loot.GsonAdapterFactory$JsonAdapter.deserialize(GsonAdapterFactory.java:102) ~[server-1.20.1-20230612.114412-srg.jar%23165!/:?]
	at com.google.gson.internal.bind.TreeTypeAdapter.read(TreeTypeAdapter.java:76) ~[gson-2.10.jar%2370!/:?]
	at com.google.gson.internal.bind.TypeAdapterRuntimeTypeWrapper.read(TypeAdapterRuntimeTypeWrapper.java:40) ~[gson-2.10.jar%2370!/:?]
	at com.google.gson.internal.bind.ArrayTypeAdapter.read(ArrayTypeAdapter.java:72) ~[gson-2.10.jar%2370!/:?]
	at com.google.gson.Gson.fromJson(Gson.java:1214) ~[gson-2.10.jar%2370!/:?]
	at com.google.gson.Gson.fromJson(Gson.java:1319) ~[gson-2.10.jar%2370!/:?]
	at com.google.gson.Gson.fromJson(Gson.java:1290) ~[gson-2.10.jar%2370!/:?]
	at com.google.gson.internal.bind.TreeTypeAdapter$GsonContextImpl.deserialize(TreeTypeAdapter.java:179) ~[gson-2.10.jar%2370!/:?]
	at net.minecraft.util.GsonHelper.m_13808_(GsonHelper.java:463) ~[server-1.20.1-20230612.114412-srg.jar%23165!/:?]
	at net.minecraft.util.GsonHelper.m_13836_(GsonHelper.java:471) ~[server-1.20.1-20230612.114412-srg.jar%23165!/:?]
	at net.minecraft.world.level.storage.loot.LootPool$Serializer.deserialize(LootPool.java:192) ~[server-1.20.1-20230612.114412-srg.jar%23165!/:?]
	at net.minecraft.world.level.storage.loot.LootPool$Serializer.deserialize(LootPool.java:189) ~[server-1.20.1-20230612.114412-srg.jar%23165!/:?]
	at com.google.gson.internal.bind.TreeTypeAdapter.read(TreeTypeAdapter.java:76) ~[gson-2.10.jar%2370!/:?]
	at com.google.gson.internal.bind.TypeAdapterRuntimeTypeWrapper.read(TypeAdapterRuntimeTypeWrapper.java:40) ~[gson-2.10.jar%2370!/:?]
	at com.google.gson.internal.bind.ArrayTypeAdapter.read(ArrayTypeAdapter.java:72) ~[gson-2.10.jar%2370!/:?]
	at com.google.gson.Gson.fromJson(Gson.java:1214) ~[gson-2.10.jar%2370!/:?]
	at com.google.gson.Gson.fromJson(Gson.java:1319) ~[gson-2.10.jar%2370!/:?]
	at com.google.gson.Gson.fromJson(Gson.java:1290) ~[gson-2.10.jar%2370!/:?]
	at com.google.gson.internal.bind.TreeTypeAdapter$GsonContextImpl.deserialize(TreeTypeAdapter.java:179) ~[gson-2.10.jar%2370!/:?]
	at net.minecraft.util.GsonHelper.m_13808_(GsonHelper.java:463) ~[server-1.20.1-20230612.114412-srg.jar%23165!/:?]
	at net.minecraft.util.GsonHelper.m_13845_(GsonHelper.java:481) ~[server-1.20.1-20230612.114412-srg.jar%23165!/:?]
	at net.minecraft.world.level.storage.loot.LootTable$Serializer.deserialize(LootTable.java:294) ~[server-1.20.1-20230612.114412-srg.jar%23165!/:?]
	at net.minecraft.world.level.storage.loot.LootTable$Serializer.deserialize(LootTable.java:291) ~[server-1.20.1-20230612.114412-srg.jar%23165!/:?]
	at com.google.gson.internal.bind.TreeTypeAdapter.read(TreeTypeAdapter.java:76) ~[gson-2.10.jar%2370!/:?]
	at com.google.gson.Gson.fromJson(Gson.java:1214) ~[gson-2.10.jar%2370!/:?]
	at com.google.gson.Gson.fromJson(Gson.java:1319) ~[gson-2.10.jar%2370!/:?]
	at com.google.gson.Gson.fromJson(Gson.java:1261) ~[gson-2.10.jar%2370!/:?]
	at net.minecraftforge.common.ForgeHooks.loadLootTable(ForgeHooks.java:872) ~[forge-1.20.1-47.4.10-universal.jar%23170!/:?]
	at net.minecraftforge.common.ForgeHooks.lambda$getLootTableDeserializer$3(ForgeHooks.java:849) ~[forge-1.20.1-47.4.10-universal.jar%23170!/:?]
	at net.minecraft.world.level.storage.loot.LootDataType.deserialize(LootDataType.java:45) ~[server-1.20.1-20230612.114412-srg.jar%23165!/:?]
	at net.minecraft.world.level.storage.loot.LootDataManager.lambda$scheduleElementParse$4(LootDataManager.java:56) ~[server-1.20.1-20230612.114412-srg.jar%23165!/:?]
	at java.util.HashMap.forEach(HashMap.java:1421) ~[?:?]
	at net.minecraft.world.level.storage.loot.LootDataManager.m_278660_(LootDataManager.java:55) ~[server-1.20.1-20230612.114412-srg.jar%23165!/:?]
	at java.util.concurrent.CompletableFuture$AsyncRun.run(CompletableFuture.java:1804) ~[?:?]
	at java.util.concurrent.CompletableFuture$AsyncRun.exec(CompletableFuture.java:1796) ~[?:?]
	at java.util.concurrent.ForkJoinTask.doExec(ForkJoinTask.java:373) ~[?:?]
	at java.util.concurrent.ForkJoinPool$WorkQueue.topLevelExec(ForkJoinPool.java:1182) ~[?:?]
	at java.util.concurrent.ForkJoinPool.scan(ForkJoinPool.java:1655) ~[?:?]
	at java.util.concurrent.ForkJoinPool.runWorker(ForkJoinPool.java:1622) ~[?:?]
	at java.util.concurrent.ForkJoinWorkerThread.run(ForkJoinWorkerThread.java:165) ~[?:?]
[22Aug2026 03:46:14.742] [main/ERROR] [net.minecraft.world.item.crafting.RecipeManager/]: Parsing error loading recipe s_a_b:mixing/steel_block_melting: com.google.gson.JsonSyntaxException: Invalid empty fluid 'tfmg:molten_steel'
[22Aug2026 03:46:14.743] [main/ERROR] [net.minecraft.world.item.crafting.RecipeManager/]: Parsing error loading recipe s_a_b:compacting/light_steel_block: com.google.gson.JsonSyntaxException: Unknown item 'tfmg:heavy_plate'
[22Aug2026 03:46:14.778] [main/ERROR] [net.minecraft.world.item.crafting.RecipeManager/]: Parsing error loading recipe s_a_b:compacting/double_steel_block: com.google.gson.JsonSyntaxException: Unknown item 'tfmg:heavy_plate'
[22Aug2026 03:46:14.837] [main/ERROR] [net.minecraft.world.item.crafting.RecipeManager/]: Parsing error loading recipe s_a_b:mixing/light_steel_block_melting: com.google.gson.JsonSyntaxException: Invalid empty fluid 'tfmg:molten_steel'
[22Aug2026 03:46:14.851] [main/ERROR] [net.minecraft.world.item.crafting.RecipeManager/]: Parsing error loading recipe s_a_b:compacting/hard_steel_block: com.google.gson.JsonSyntaxException: Unknown item 'tfmg:heavy_plate'
[22Aug2026 03:46:14.885] [main/ERROR] [net.minecraft.world.item.crafting.RecipeManager/]: Parsing error loading recipe s_a_b:mixing/double_steel_block_melting: com.google.gson.JsonSyntaxException: Invalid empty fluid 'tfmg:molten_steel'
[22Aug2026 03:46:14.897] [main/ERROR] [net.minecraft.world.item.crafting.RecipeManager/]: Parsing error loading recipe s_a_b:mixing/hard_steel_block_melting: com.google.gson.JsonSyntaxException: Invalid empty fluid 'tfmg:molten_steel'
[22Aug2026 03:46:14.921] [main/INFO] [net.minecraft.world.item.crafting.RecipeManager/]: Loaded 36 recipes
[22Aug2026 03:46:15.086] [main/ERROR] [net.minecraft.advancements.AdvancementList/]: Couldn't load advancement dragonsofberk:night_fury: Task Advancement{parentId=dragonsofberk:strike, display=net.minecraft.advancements.DisplayInfo@4d208a82, rewards=AdvancementRewards{experience=250, loot=[], recipes=[], function=net.minecraft.commands.CommandFunction$CacheableFunction@352bbb85}, criteria={requirements=net.minecraft.advancements.Criterion@9d14f7f}, requirements=[[requirements]], sends_telemetry_event=false}
[22Aug2026 03:46:15.086] [main/ERROR] [net.minecraft.advancements.AdvancementList/]: Couldn't load advancement dragonsofberk:belzium: Task Advancement{parentId=dragonsofberk:gronckle_iron, display=net.minecraft.advancements.DisplayInfo@1f3b9a7a, rewards=AdvancementRewards{experience=0, loot=[], recipes=[], function=net.minecraft.commands.CommandFunction$CacheableFunction@352bbb85}, criteria={requirement=net.minecraft.advancements.Criterion@66ed5ef5}, requirements=[[requirement]], sends_telemetry_event=false}
[22Aug2026 03:46:15.087] [main/ERROR] [net.minecraft.advancements.AdvancementList/]: Couldn't load advancement dragonsofberk:gronckle_iron_tools: Task Advancement{parentId=dragonsofberk:gronckle_iron_tool, display=net.minecraft.advancements.DisplayInfo@3c4466f7, rewards=AdvancementRewards{experience=250, loot=[], recipes=[], function=net.minecraft.commands.CommandFunction$CacheableFunction@352bbb85}, criteria={sword=net.minecraft.advancements.Criterion@30529d7c, dagger=net.minecraft.advancements.Criterion@6a80b2a1, hammer=net.minecraft.advancements.Criterion@6bb70240, mace=net.minecraft.advancements.Criterion@745bb21f, pickaxe=net.minecraft.advancements.Criterion@50c67895, doubleaxe=net.minecraft.advancements.Criterion@3f3cdd96, axe=net.minecraft.advancements.Criterion@6cca6d33}, requirements=[[pickaxe], [sword], [dagger], [mace], [hammer], [axe], [doubleaxe]], sends_telemetry_event=false}
[22Aug2026 03:46:15.087] [main/ERROR] [net.minecraft.advancements.AdvancementList/]: Couldn't load advancement dragonsofberk:gronckle_iron_tool: Task Advancement{parentId=dragonsofberk:gronckle_iron, display=net.minecraft.advancements.DisplayInfo@7d94516d, rewards=AdvancementRewards{experience=250, loot=[], recipes=[], function=net.minecraft.commands.CommandFunction$CacheableFunction@352bbb85}, criteria={sword=net.minecraft.advancements.Criterion@69b8b97d, dagger=net.minecraft.advancements.Criterion@57e71c89, hammer=net.minecraft.advancements.Criterion@59c281c6, mace=net.minecraft.advancements.Criterion@682acaa, pickaxe=net.minecraft.advancements.Criterion@2a5d8e56, doubleaxe=net.minecraft.advancements.Criterion@45b1ccc0, axe=net.minecraft.advancements.Criterion@830b901}, requirements=[[pickaxe, sword, axe, doubleaxe, mace, dagger, hammer]], sends_telemetry_event=false}
[22Aug2026 03:46:15.087] [main/ERROR] [net.minecraft.advancements.AdvancementList/]: Couldn't load advancement dragonsofberk:boulder: Task Advancement{parentId=dragonsofberk:dragonsofberk, display=net.minecraft.advancements.DisplayInfo@16b1a1f8, rewards=AdvancementRewards{experience=25, loot=[], recipes=[], function=net.minecraft.commands.CommandFunction$CacheableFunction@352bbb85}, criteria={requirements=net.minecraft.advancements.Criterion@1bc4fa9e}, requirements=[[requirements]], sends_telemetry_event=false}
[22Aug2026 03:46:15.087] [main/ERROR] [net.minecraft.advancements.AdvancementList/]: Couldn't load advancement dragonsofberk:skrill: Task Advancement{parentId=dragonsofberk:dragonsofberk, display=net.minecraft.advancements.DisplayInfo@e964bff, rewards=AdvancementRewards{experience=250, loot=[], recipes=[], function=net.minecraft.commands.CommandFunction$CacheableFunction@352bbb85}, criteria={requirements=net.minecraft.advancements.Criterion@32ba50b9}, requirements=[[requirements]], sends_telemetry_event=false}
[22Aug2026 03:46:15.087] [main/ERROR] [net.minecraft.advancements.AdvancementList/]: Couldn't load advancement dragonsofberk:sharp: Task Advancement{parentId=dragonsofberk:dragonsofberk, display=net.minecraft.advancements.DisplayInfo@28682a5, rewards=AdvancementRewards{experience=25, loot=[], recipes=[], function=net.minecraft.commands.CommandFunction$CacheableFunction@352bbb85}, criteria={stinger=net.minecraft.advancements.Criterion@625925d4, speed_stinger=net.minecraft.advancements.Criterion@2aba180b}, requirements=[[speed_stinger, stinger]], sends_telemetry_event=false}
[22Aug2026 03:46:15.087] [main/ERROR] [net.minecraft.advancements.AdvancementList/]: Couldn't load advancement dragonsofberk:tracker: Task Advancement{parentId=dragonsofberk:dragonsofberk, display=net.minecraft.advancements.DisplayInfo@16e80db6, rewards=AdvancementRewards{experience=25, loot=[], recipes=[], function=net.minecraft.commands.CommandFunction$CacheableFunction@352bbb85}, criteria={requirements=net.minecraft.advancements.Criterion@6c683520}, requirements=[[requirements]], sends_telemetry_event=false}
[22Aug2026 03:46:15.088] [main/ERROR] [net.minecraft.advancements.AdvancementList/]: Couldn't load advancement dragonsofberk:light_fury: Task Advancement{parentId=dragonsofberk:strike, display=net.minecraft.advancements.DisplayInfo@25c235c6, rewards=AdvancementRewards{experience=250, loot=[], recipes=[], function=net.minecraft.commands.CommandFunction$CacheableFunction@352bbb85}, criteria={requirements=net.minecraft.advancements.Criterion@8aed56b}, requirements=[[requirements]], sends_telemetry_event=false}
[22Aug2026 03:46:15.088] [main/ERROR] [net.minecraft.advancements.AdvancementList/]: Couldn't load advancement dragonsofberk:belzium_tool: Task Advancement{parentId=dragonsofberk:belzium, display=net.minecraft.advancements.DisplayInfo@4638fd26, rewards=AdvancementRewards{experience=250, loot=[], recipes=[], function=net.minecraft.commands.CommandFunction$CacheableFunction@352bbb85}, criteria={sword=net.minecraft.advancements.Criterion@38437d07, dagger=net.minecraft.advancements.Criterion@a840bd4, hammer=net.minecraft.advancements.Criterion@7cc7fd7f, mace=net.minecraft.advancements.Criterion@7d97fe0c, pickaxe=net.minecraft.advancements.Criterion@5e1f1ffc, doubleaxe=net.minecraft.advancements.Criterion@74ef6540, axe=net.minecraft.advancements.Criterion@370042a7}, requirements=[[pickaxe, sword, axe, doubleaxe, mace, dagger, hammer]], sends_telemetry_event=false}
[22Aug2026 03:46:15.088] [main/ERROR] [net.minecraft.advancements.AdvancementList/]: Couldn't load advancement dragonsofberk:stoker: Task Advancement{parentId=dragonsofberk:dragonsofberk, display=net.minecraft.advancements.DisplayInfo@5c29063b, rewards=AdvancementRewards{experience=250, loot=[], recipes=[], function=net.minecraft.commands.CommandFunction$CacheableFunction@352bbb85}, criteria={monstrous_nightmare=net.minecraft.advancements.Criterion@69897263, terrible_terror=net.minecraft.advancements.Criterion@311ab182}, requirements=[[monstrous_nightmare, terrible_terror]], sends_telemetry_event=false}
[22Aug2026 03:46:15.088] [main/ERROR] [net.minecraft.advancements.AdvancementList/]: Couldn't load advancement dragonsofberk:triple_stryke: Task Advancement{parentId=dragonsofberk:dragonsofberk, display=net.minecraft.advancements.DisplayInfo@4960bf12, rewards=AdvancementRewards{experience=250, loot=[], recipes=[], function=net.minecraft.commands.CommandFunction$CacheableFunction@352bbb85}, criteria={requirements=net.minecraft.advancements.Criterion@2d12811d}, requirements=[[requirements]], sends_telemetry_event=false}
[22Aug2026 03:46:15.088] [main/ERROR] [net.minecraft.advancements.AdvancementList/]: Couldn't load advancement dragonsofberk:gronckle_iron: Task Advancement{parentId=dragonsofberk:boulder, display=net.minecraft.advancements.DisplayInfo@13705300, rewards=AdvancementRewards{experience=0, loot=[], recipes=[], function=net.minecraft.commands.CommandFunction$CacheableFunction@352bbb85}, criteria={requirement=net.minecraft.advancements.Criterion@2a53221a}, requirements=[[requirement]], sends_telemetry_event=false}
[22Aug2026 03:46:15.088] [main/ERROR] [net.minecraft.advancements.AdvancementList/]: Couldn't load advancement dragonsofberk:strike: Task Advancement{parentId=dragonsofberk:dragonsofberk, display=net.minecraft.advancements.DisplayInfo@26ea09aa, rewards=AdvancementRewards{experience=250, loot=[], recipes=[], function=net.minecraft.commands.CommandFunction$CacheableFunction@352bbb85}, criteria={night_fury=net.minecraft.advancements.Criterion@151abc9f, light_fury=net.minecraft.advancements.Criterion@546e4367, triple_stryke=net.minecraft.advancements.Criterion@7ef7161d, skrill=net.minecraft.advancements.Criterion@826f730}, requirements=[[night_fury, light_fury, triple_stryke, skrill]], sends_telemetry_event=false}
[22Aug2026 03:46:15.089] [main/ERROR] [net.minecraft.advancements.AdvancementList/]: Couldn't load advancement dragonsofberk:belzium_tools: Task Advancement{parentId=dragonsofberk:belzium_tool, display=net.minecraft.advancements.DisplayInfo@284affca, rewards=AdvancementRewards{experience=250, loot=[], recipes=[], function=net.minecraft.commands.CommandFunction$CacheableFunction@352bbb85}, criteria={sword=net.minecraft.advancements.Criterion@176a1284, dagger=net.minecraft.advancements.Criterion@1d1f5ba2, hammer=net.minecraft.advancements.Criterion@293f17aa, mace=net.minecraft.advancements.Criterion@56f419e8, pickaxe=net.minecraft.advancements.Criterion@11cdcf80, doubleaxe=net.minecraft.advancements.Criterion@76684450, axe=net.minecraft.advancements.Criterion@27bb8f70}, requirements=[[pickaxe], [sword], [dagger], [mace], [hammer], [axe], [doubleaxe]], sends_telemetry_event=false}
[22Aug2026 03:46:15.089] [main/ERROR] [net.minecraft.advancements.AdvancementList/]: Couldn't load advancement dragonsofberk:mystery: Task Advancement{parentId=dragonsofberk:dragonsofberk, display=net.minecraft.advancements.DisplayInfo@6e627a2a, rewards=AdvancementRewards{experience=25, loot=[], recipes=[], function=net.minecraft.commands.CommandFunction$CacheableFunction@352bbb85}, criteria={requirements=net.minecraft.advancements.Criterion@61cabffc}, requirements=[[requirements]], sends_telemetry_event=false}
[22Aug2026 03:46:15.089] [main/ERROR] [net.minecraft.advancements.AdvancementList/]: Couldn't load advancement dragonsofberk:stinger: Task Advancement{parentId=dragonsofberk:sharp, display=net.minecraft.advancements.DisplayInfo@8838d08, rewards=AdvancementRewards{experience=250, loot=[], recipes=[], function=net.minecraft.commands.CommandFunction$CacheableFunction@352bbb85}, criteria={requirements=net.minecraft.advancements.Criterion@3c02e6bb}, requirements=[[requirements]], sends_telemetry_event=false}
[22Aug2026 03:46:15.089] [main/INFO] [net.minecraft.advancements.AdvancementList/]: Loaded 4517 advancements
[22Aug2026 03:46:15.147] [main/INFO] [Fossils Archeology/]: Loaded 733 server animations for 66 entities
[22Aug2026 03:46:15.160] [main/INFO] [Fossils Archeology/]: Loaded 1056 animation category entries for 66 entities
[22Aug2026 03:46:15.164] [main/INFO] [Fossils Archeology/]: Loaded data for 59 entities
[22Aug2026 03:46:15.166] [main/INFO] [Fossils Archeology/]: Loaded food values: (blocks: 41) (items: 41) (entities: 35, 35) (Tags: 3, 8, 0)
[22Aug2026 03:46:15.182] [main/INFO] [Fossils Archeology/]: Loaded 13 variants
[22Aug2026 03:46:15.190] [main/INFO] [dan200.computercraft.impl.UpgradeManager/]: Loaded 9 turtle upgrades
[22Aug2026 03:46:15.191] [main/INFO] [dan200.computercraft.impl.UpgradeManager/]: Loaded 3 pocket computer upgrades
[22Aug2026 03:46:15.236] [main/WARN] [ModernFix/]: Initial datapack load took 3.582 s
[22Aug2026 03:46:15.369] [Server thread/INFO] [net.minecraft.server.dedicated.DedicatedServer/]: Starting minecraft server version 1.20.1
[22Aug2026 03:46:15.369] [Server thread/INFO] [net.minecraft.server.dedicated.DedicatedServer/]: Loading properties
[22Aug2026 03:46:15.369] [Server thread/INFO] [net.minecraft.server.dedicated.DedicatedServer/]: Default game type: SURVIVAL
[22Aug2026 03:46:15.370] [Server thread/INFO] [net.minecraft.server.MinecraftServer/]: Generating keypair
[22Aug2026 03:46:15.550] [Server thread/INFO] [net.minecraft.server.dedicated.DedicatedServer/]: Starting Minecraft server on *:25565
[22Aug2026 03:46:15.580] [Server thread/INFO] [net.minecraft.server.network.ServerConnectionListener/]: Using epoll channel type
[22Aug2026 03:46:15.664] [Server thread/WARN] [net.minecraft.server.dedicated.DedicatedServer/]: **** SERVER IS RUNNING IN OFFLINE/INSECURE MODE!
[22Aug2026 03:46:15.665] [Server thread/WARN] [net.minecraft.server.dedicated.DedicatedServer/]: The server will make no attempt to authenticate usernames. Beware.
[22Aug2026 03:46:15.665] [Server thread/WARN] [net.minecraft.server.dedicated.DedicatedServer/]: While this makes the game possible to play without internet access, it also opens up the ability for hackers to connect with any username they choose.
[22Aug2026 03:46:15.665] [Server thread/WARN] [net.minecraft.server.dedicated.DedicatedServer/]: To change this, set "online-mode" to "true" in the server.properties file.
[22Aug2026 03:46:15.879] [Server thread/INFO] [terrablender/]: Initialized TerraBlender biomes for level stem minecraft:the_nether
[22Aug2026 03:46:16.176] [Server thread/INFO] [terrablender/]: Initialized TerraBlender biomes for level stem minecraft:overworld
[22Aug2026 03:46:16.177] [Server thread/INFO] [net.minecraft.server.dedicated.DedicatedServer/]: Preparing level "world"
[22Aug2026 03:46:16.761] [Server thread/INFO] [net.minecraft.server.MinecraftServer/]: Preparing start region for dimension minecraft:overworld
[22Aug2026 03:46:17.379] [Server thread/INFO] [net.minecraft.server.level.progress.LoggerChunkProgressListener/]: Preparing spawn area: 0%
[22Aug2026 03:46:17.380] [Server thread/INFO] [net.minecraft.server.level.progress.LoggerChunkProgressListener/]: Preparing spawn area: 0%
[22Aug2026 03:46:17.762] [Server thread/INFO] [net.minecraft.server.level.progress.LoggerChunkProgressListener/]: Preparing spawn area: 2%
[22Aug2026 03:46:18.344] [Server thread/INFO] [net.minecraft.server.level.progress.LoggerChunkProgressListener/]: Preparing spawn area: 10%
[22Aug2026 03:46:18.762] [Server thread/INFO] [net.minecraft.server.level.progress.LoggerChunkProgressListener/]: Preparing spawn area: 16%
[22Aug2026 03:46:19.282] [Server thread/INFO] [net.minecraft.server.level.progress.LoggerChunkProgressListener/]: Preparing spawn area: 25%
[22Aug2026 03:46:19.617] [Server thread/WARN] [net.minecraft.SystemReport/]: Failed retrieving info for group hardware
java.lang.NoClassDefFoundError: Could not initialize class oshi.SystemInfo
	at net.minecraft.SystemReport.m_143564_(SystemReport.java:52) ~[server-1.20.1-20230612.114412-srg.jar%23165!/:?]
	at net.minecraft.SystemReport.m_143516_(SystemReport.java:82) ~[server-1.20.1-20230612.114412-srg.jar%23165!/:?]
	at net.minecraft.SystemReport.<init>(SystemReport.java:52) ~[server-1.20.1-20230612.114412-srg.jar%23165!/:?]
	at net.minecraft.CrashReport.<init>(CrashReport.java:31) ~[server-1.20.1-20230612.114412-srg.jar%23165!/:?]
	at net.minecraft.CrashReport.m_127521_(CrashReport.java:208) ~[server-1.20.1-20230612.114412-srg.jar%23165!/:?]
	at net.minecraft.world.entity.Entity.m_20258_(Entity.java:1762) ~[server-1.20.1-20230612.114412-srg.jar%23165!/:?]
	at net.minecraft.world.entity.EntityType.m_185988_(EntityType.java:532) ~[server-1.20.1-20230612.114412-srg.jar%23165!/:?]
	at net.minecraft.Util.m_137521_(Util.java:419) ~[server-1.20.1-20230612.114412-srg.jar%23165!/:?]
	at net.minecraft.world.entity.EntityType.m_20642_(EntityType.java:529) ~[server-1.20.1-20230612.114412-srg.jar%23165!/:?]
	at net.minecraft.world.entity.EntityType.m_20669_(EntityType.java:607) ~[server-1.20.1-20230612.114412-srg.jar%23165!/:?]
	at net.minecraft.world.entity.EntityType.m_20645_(EntityType.java:563) ~[server-1.20.1-20230612.114412-srg.jar%23165!/:?]
	at net.minecraft.world.entity.EntityType$1.m_147056_(EntityType.java:584) ~[server-1.20.1-20230612.114412-srg.jar%23165!/:?]
	at java.util.Spliterators$IteratorSpliterator.tryAdvance(Spliterators.java:1856) ~[?:?]
	at net.minecraft.world.entity.EntityType$1.tryAdvance(EntityType.java:583) ~[server-1.20.1-20230612.114412-srg.jar%23165!/:?]
	at java.util.Spliterator.forEachRemaining(Spliterator.java:332) ~[?:?]
	at java.util.stream.AbstractPipeline.copyInto(AbstractPipeline.java:509) ~[?:?]
	at java.util.stream.AbstractPipeline.wrapAndCopyInto(AbstractPipeline.java:499) ~[?:?]
	at java.util.stream.ReduceOps$ReduceOp.evaluateSequential(ReduceOps.java:921) ~[?:?]
	at java.util.stream.AbstractPipeline.evaluate(AbstractPipeline.java:234) ~[?:?]
	at java.util.stream.ReferencePipeline.collect(ReferencePipeline.java:682) ~[?:?]
	at net.minecraft.world.level.chunk.storage.EntityStorage.m_223456_(EntityStorage.java:62) ~[server-1.20.1-20230612.114412-srg.jar%23165!/:?]
	at java.util.concurrent.CompletableFuture$UniApply.tryFire(CompletableFuture.java:646) ~[?:?]
	at java.util.concurrent.CompletableFuture$Completion.run(CompletableFuture.java:482) ~[?:?]
	at net.minecraft.util.thread.ProcessorMailbox.m_18759_(ProcessorMailbox.java:91) ~[server-1.20.1-20230612.114412-srg.jar%23165!/:?]
	at net.minecraft.util.thread.ProcessorMailbox.m_18747_(ProcessorMailbox.java:146) ~[server-1.20.1-20230612.114412-srg.jar%23165!/:?]
	at net.minecraft.util.thread.ProcessorMailbox.run(ProcessorMailbox.java:102) ~[server-1.20.1-20230612.114412-srg.jar%23165!/:?]
	at net.minecraft.server.TickTask.run(TickTask.java:18) ~[server-1.20.1-20230612.114412-srg.jar%23165!/:?]
	at net.minecraft.util.thread.BlockableEventLoop.m_6367_(BlockableEventLoop.java:156) ~[server-1.20.1-20230612.114412-srg.jar%23165!/:?]
	at net.minecraft.util.thread.ReentrantBlockableEventLoop.m_6367_(ReentrantBlockableEventLoop.java:23) ~[server-1.20.1-20230612.114412-srg.jar%23165!/:?]
	at net.minecraft.server.MinecraftServer.m_6367_(MinecraftServer.java:770) ~[server-1.20.1-20230612.114412-srg.jar%23165!/:?]
	at net.minecraft.server.MinecraftServer.m_6367_(MinecraftServer.java:161) ~[server-1.20.1-20230612.114412-srg.jar%23165!/:?]
	at net.minecraft.util.thread.BlockableEventLoop.m_7245_(BlockableEventLoop.java:130) ~[server-1.20.1-20230612.114412-srg.jar%23165!/:?]
	at net.minecraft.server.MinecraftServer.m_129961_(MinecraftServer.java:753) ~[server-1.20.1-20230612.114412-srg.jar%23165!/:?]
	at net.minecraft.server.MinecraftServer.m_7245_(MinecraftServer.java:747) ~[server-1.20.1-20230612.114412-srg.jar%23165!/:?]
	at net.minecraft.util.thread.BlockableEventLoop.m_18701_(BlockableEventLoop.java:139) ~[server-1.20.1-20230612.114412-srg.jar%23165!/:?]
	at net.minecraft.server.MinecraftServer.mixinextras$bridge$m_18701_$242(MinecraftServer.java) ~[server-1.20.1-20230612.114412-srg.jar%23165!/:?]
	at net.minecraft.server.MinecraftServer.wrapOperation$zdc000$managedBlock(MinecraftServer.java:1856) ~[server-1.20.1-20230612.114412-srg.jar%23165!/:?]
	at net.minecraft.server.MinecraftServer.m_130012_(MinecraftServer.java:733) ~[server-1.20.1-20230612.114412-srg.jar%23165!/:?]
	at net.minecraft.server.MinecraftServer.m_129940_(MinecraftServer.java:459) ~[server-1.20.1-20230612.114412-srg.jar%23165!/:?]
	at net.minecraft.server.MinecraftServer.m_130006_(MinecraftServer.java:310) ~[server-1.20.1-20230612.114412-srg.jar%23165!/:?]
	at net.minecraft.server.dedicated.DedicatedServer.m_7038_(DedicatedServer.java:164) ~[server-1.20.1-20230612.114412-srg.jar%23165!/:?]
	at net.minecraft.server.MinecraftServer.m_130011_(MinecraftServer.java:634) ~[server-1.20.1-20230612.114412-srg.jar%23165!/:?]
	at net.minecraft.server.MinecraftServer.m_206580_(MinecraftServer.java:251) ~[server-1.20.1-20230612.114412-srg.jar%23165!/:?]
	at java.lang.Thread.run(Thread.java:840) ~[?:?]
Caused by: java.lang.ExceptionInInitializerError: Exception java.lang.NoClassDefFoundError: com/sun/jna/Platform [in thread "main"]
	at oshi.SystemInfo.<clinit>(SystemInfo.java:60) ~[oshi-core-6.2.2.jar%2369!/:6.2.2]
	at net.minecraft.SystemReport.m_143564_(SystemReport.java:52) ~[server-1.20.1-20230612.114412-srg.jar%23165!/:?]
	at net.minecraft.SystemReport.m_143516_(SystemReport.java:82) ~[server-1.20.1-20230612.114412-srg.jar%23165!/:?]
	at net.minecraft.SystemReport.<init>(SystemReport.java:52) ~[server-1.20.1-20230612.114412-srg.jar%23165!/:?]
	at net.minecraft.CrashReport.<init>(CrashReport.java:31) ~[server-1.20.1-20230612.114412-srg.jar%23165!/:?]
	at net.minecraft.CrashReport.m_127529_(CrashReport.java:216) ~[server-1.20.1-20230612.114412-srg.jar%23165!/:?]
	at net.minecraft.server.Main.main(Main.java:116) ~[server-1.20.1-20230612.114412-srg.jar%23165!/:?]
	at jdk.internal.reflect.NativeMethodAccessorImpl.invoke0(Native Method) ~[?:?]
	at jdk.internal.reflect.NativeMethodAccessorImpl.invoke(NativeMethodAccessorImpl.java:77) ~[?:?]
	at jdk.internal.reflect.DelegatingMethodAccessorImpl.invoke(DelegatingMethodAccessorImpl.java:43) ~[?:?]
	at java.lang.reflect.Method.invoke(Method.java:569) ~[?:?]
	at net.minecraftforge.fml.loading.targets.CommonLaunchHandler.runTarget(CommonLaunchHandler.java:111) ~[fmlloader-1.20.1-47.4.10.jar%2367!/:?]
	at net.minecraftforge.fml.loading.targets.CommonLaunchHandler.serverService(CommonLaunchHandler.java:103) ~[fmlloader-1.20.1-47.4.10.jar%2367!/:?]
	at net.minecraftforge.fml.loading.targets.CommonServerLaunchHandler.lambda$makeService$0(CommonServerLaunchHandler.java:27) ~[fmlloader-1.20.1-47.4.10.jar%2367!/:?]
	at cpw.mods.modlauncher.LaunchServiceHandlerDecorator.launch(LaunchServiceHandlerDecorator.java:30) ~[modlauncher-10.0.9.jar%2353!/:?]
	at cpw.mods.modlauncher.LaunchServiceHandler.launch(LaunchServiceHandler.java:53) ~[modlauncher-10.0.9.jar%2353!/:?]
	at cpw.mods.modlauncher.LaunchServiceHandler.launch(LaunchServiceHandler.java:71) ~[modlauncher-10.0.9.jar%2353!/:?]
	at cpw.mods.modlauncher.Launcher.run(Launcher.java:108) ~[modlauncher-10.0.9.jar%2353!/:?]
	at cpw.mods.modlauncher.Launcher.main(Launcher.java:78) ~[modlauncher-10.0.9.jar%2353!/:?]
	at cpw.mods.modlauncher.BootstrapLaunchConsumer.accept(BootstrapLaunchConsumer.java:26) ~[modlauncher-10.0.9.jar%2353!/:?]
	at cpw.mods.modlauncher.BootstrapLaunchConsumer.accept(BootstrapLaunchConsumer.java:23) ~[modlauncher-10.0.9.jar%2353!/:?]
	at cpw.mods.bootstraplauncher.BootstrapLauncher.main(BootstrapLauncher.java:141) ~[bootstraplauncher-1.1.2.jar:?]
[22Aug2026 03:46:19.624] [Server thread/WARN] [net.minecraft.world.entity.EntityType/]: Exception loading entity: 
net.minecraft.ReportedException: Loading entity NBT
	at net.minecraft.world.entity.Entity.m_20258_(Entity.java:1765) ~[server-1.20.1-20230612.114412-srg.jar%23165!/:?]
	at net.minecraft.world.entity.EntityType.m_185988_(EntityType.java:532) ~[server-1.20.1-20230612.114412-srg.jar%23165!/:?]
	at net.minecraft.Util.m_137521_(Util.java:419) ~[server-1.20.1-20230612.114412-srg.jar%23165!/:?]
	at net.minecraft.world.entity.EntityType.m_20642_(EntityType.java:529) ~[server-1.20.1-20230612.114412-srg.jar%23165!/:?]
	at net.minecraft.world.entity.EntityType.m_20669_(EntityType.java:607) ~[server-1.20.1-20230612.114412-srg.jar%23165!/:?]
	at net.minecraft.world.entity.EntityType.m_20645_(EntityType.java:563) ~[server-1.20.1-20230612.114412-srg.jar%23165!/:?]
	at net.minecraft.world.entity.EntityType$1.m_147056_(EntityType.java:584) ~[server-1.20.1-20230612.114412-srg.jar%23165!/:?]
	at java.util.Spliterators$IteratorSpliterator.tryAdvance(Spliterators.java:1856) ~[?:?]
	at net.minecraft.world.entity.EntityType$1.tryAdvance(EntityType.java:583) ~[server-1.20.1-20230612.114412-srg.jar%23165!/:?]
	at java.util.Spliterator.forEachRemaining(Spliterator.java:332) ~[?:?]
	at java.util.stream.AbstractPipeline.copyInto(AbstractPipeline.java:509) ~[?:?]
	at java.util.stream.AbstractPipeline.wrapAndCopyInto(AbstractPipeline.java:499) ~[?:?]
	at java.util.stream.ReduceOps$ReduceOp.evaluateSequential(ReduceOps.java:921) ~[?:?]
	at java.util.stream.AbstractPipeline.evaluate(AbstractPipeline.java:234) ~[?:?]
	at java.util.stream.ReferencePipeline.collect(ReferencePipeline.java:682) ~[?:?]
	at net.minecraft.world.level.chunk.storage.EntityStorage.m_223456_(EntityStorage.java:62) ~[server-1.20.1-20230612.114412-srg.jar%23165!/:?]
	at java.util.concurrent.CompletableFuture$UniApply.tryFire(CompletableFuture.java:646) ~[?:?]
	at java.util.concurrent.CompletableFuture$Completion.run(CompletableFuture.java:482) ~[?:?]
	at net.minecraft.util.thread.ProcessorMailbox.m_18759_(ProcessorMailbox.java:91) ~[server-1.20.1-20230612.114412-srg.jar%23165!/:?]
	at net.minecraft.util.thread.ProcessorMailbox.m_18747_(ProcessorMailbox.java:146) ~[server-1.20.1-20230612.114412-srg.jar%23165!/:?]
	at net.minecraft.util.thread.ProcessorMailbox.run(ProcessorMailbox.java:102) ~[server-1.20.1-20230612.114412-srg.jar%23165!/:?]
	at net.minecraft.server.TickTask.run(TickTask.java:18) ~[server-1.20.1-20230612.114412-srg.jar%23165!/:?]
	at net.minecraft.util.thread.BlockableEventLoop.m_6367_(BlockableEventLoop.java:156) ~[server-1.20.1-20230612.114412-srg.jar%23165!/:?]
	at net.minecraft.util.thread.ReentrantBlockableEventLoop.m_6367_(ReentrantBlockableEventLoop.java:23) ~[server-1.20.1-20230612.114412-srg.jar%23165!/:?]
	at net.minecraft.server.MinecraftServer.m_6367_(MinecraftServer.java:770) ~[server-1.20.1-20230612.114412-srg.jar%23165!/:?]
	at net.minecraft.server.MinecraftServer.m_6367_(MinecraftServer.java:161) ~[server-1.20.1-20230612.114412-srg.jar%23165!/:?]
	at net.minecraft.util.thread.BlockableEventLoop.m_7245_(BlockableEventLoop.java:130) ~[server-1.20.1-20230612.114412-srg.jar%23165!/:?]
	at net.minecraft.server.MinecraftServer.m_129961_(MinecraftServer.java:753) ~[server-1.20.1-20230612.114412-srg.jar%23165!/:?]
	at net.minecraft.server.MinecraftServer.m_7245_(MinecraftServer.java:747) ~[server-1.20.1-20230612.114412-srg.jar%23165!/:?]
	at net.minecraft.util.thread.BlockableEventLoop.m_18701_(BlockableEventLoop.java:139) ~[server-1.20.1-20230612.114412-srg.jar%23165!/:?]
	at net.minecraft.server.MinecraftServer.mixinextras$bridge$m_18701_$242(MinecraftServer.java) ~[server-1.20.1-20230612.114412-srg.jar%23165!/:?]
	at net.minecraft.server.MinecraftServer.wrapOperation$zdc000$managedBlock(MinecraftServer.java:1856) ~[server-1.20.1-20230612.114412-srg.jar%23165!/:?]
	at net.minecraft.server.MinecraftServer.m_130012_(MinecraftServer.java:733) ~[server-1.20.1-20230612.114412-srg.jar%23165!/:?]
	at net.minecraft.server.MinecraftServer.m_129940_(MinecraftServer.java:459) ~[server-1.20.1-20230612.114412-srg.jar%23165!/:?]
	at net.minecraft.server.MinecraftServer.m_130006_(MinecraftServer.java:310) ~[server-1.20.1-20230612.114412-srg.jar%23165!/:?]
	at net.minecraft.server.dedicated.DedicatedServer.m_7038_(DedicatedServer.java:164) ~[server-1.20.1-20230612.114412-srg.jar%23165!/:?]
	at net.minecraft.server.MinecraftServer.m_130011_(MinecraftServer.java:634) ~[server-1.20.1-20230612.114412-srg.jar%23165!/:?]
	at net.minecraft.server.MinecraftServer.m_206580_(MinecraftServer.java:251) ~[server-1.20.1-20230612.114412-srg.jar%23165!/:?]
	at java.lang.Thread.run(Thread.java:840) ~[?:?]
Caused by: java.lang.IllegalStateException: Entity has invalid position
	at net.minecraft.world.entity.Entity.m_20258_(Entity.java:1759) ~[server-1.20.1-20230612.114412-srg.jar%23165!/:?]
	... 38 more
[22Aug2026 03:46:19.825] [Server thread/INFO] [net.minecraft.server.level.progress.LoggerChunkProgressListener/]: Preparing spawn area: 100%
[22Aug2026 03:46:20.219] [Server thread/INFO] [net.minecraft.server.level.progress.LoggerChunkProgressListener/]: Time elapsed: 3457 ms
[22Aug2026 03:46:20.219] [Server thread/INFO] [net.minecraft.server.dedicated.DedicatedServer/]: Done (4.541s)! For help, type "help"
[22Aug2026 03:46:20.579] [Server thread/INFO] [net.minecraftforge.server.permission.PermissionAPI/]: Successfully initialized permission handler forge:default_handler
[22Aug2026 03:46:20.615] [Server thread/WARN] [voicechat/]: [voicechat] Running in offline mode - Voice chat encryption is not secure!
[22Aug2026 03:46:20.628] [Server thread/WARN] [ModernFix/]: Dedicated server took 47.163 seconds to load
[22Aug2026 03:46:20.632] [VoiceChatServerThread/INFO] [voicechat/]: [voicechat] Voice host is '147.185.221.231:10326'
[22Aug2026 03:46:20.633] [VoiceChatServerThread/INFO] [voicechat/]: [voicechat] Voice chat server started at port 24454
[22Aug2026 03:46:21.391] [Server thread/INFO] [Fossils Archeology/]: Setting owner for ARTHROPLEURA, 56b46945-aac3-484c-92ae-32dfe12dcadf to d2996896-477c-303b-9567-4082b9abb61d. false
[22Aug2026 03:46:21.524] [Server thread/INFO] [Fossils Archeology/]: Setting owner for EDAPHOSAURUS, be2a6bd4-7fdb-4bce-9194-fd6f3eb4f8f3 to d2996896-477c-303b-9567-4082b9abb61d. false
[22Aug2026 03:47:22.440] [Server thread/INFO] [net.minecraft.server.MinecraftServer/]: There are 0 of a max of 20 players online: 
[22Aug2026 04:17:08.445] [SkinRestorer-Fetch-1/WARN] [SkinRestorer/]: Failed to fetch skin 'mojang:f4tizzz'
java.lang.IllegalStateException: not found
	at net.lionarius.skinrestorer.util.WebUtils.throwOnClientErrors(WebUtils.java:141) ~[skinrestorer-2.10.0+1.20-forge.jar%23157!/:2.10.0+1.20-forge]
	at net.lionarius.skinrestorer.skin.provider.base.YggdrasilSkinProvider.getProfile(YggdrasilSkinProvider.java:50) ~[skinrestorer-2.10.0+1.20-forge.jar%23157!/:2.10.0+1.20-forge]
	at net.lionarius.skinrestorer.skin.provider.builtin.MojangSkinProvider.lambda$new$0(MojangSkinProvider.java:43) ~[skinrestorer-2.10.0+1.20-forge.jar%23157!/:2.10.0+1.20-forge]
	at net.minecraft.server.players.GameProfileCache.m_10993_(GameProfileCache.java:98) ~[server-1.20.1-20230612.114412-srg.jar%23165!/:?]
	at net.minecraft.server.players.GameProfileCache.m_10996_(GameProfileCache.java:150) ~[server-1.20.1-20230612.114412-srg.jar%23165!/:?]
	at net.lionarius.skinrestorer.skin.provider.builtin.MojangSkinProvider.resolveUuid(MojangSkinProvider.java:74) ~[skinrestorer-2.10.0+1.20-forge.jar%23157!/:2.10.0+1.20-forge]
	at net.lionarius.skinrestorer.skin.provider.base.ProfileSkinProvider.getCacheKey(ProfileSkinProvider.java:40) ~[skinrestorer-2.10.0+1.20-forge.jar%23157!/:2.10.0+1.20-forge]
	at net.lionarius.skinrestorer.skin.provider.base.ProfileSkinProvider.getCacheKey(ProfileSkinProvider.java:17) ~[skinrestorer-2.10.0+1.20-forge.jar%23157!/:2.10.0+1.20-forge]
	at net.lionarius.skinrestorer.skin.provider.base.AbstractSkinProvider.fetchSkin(AbstractSkinProvider.java:52) ~[skinrestorer-2.10.0+1.20-forge.jar%23157!/:2.10.0+1.20-forge]
	at net.minecraft.server.network.ServerLoginPacketListenerImpl.md89307e$lambda$skinrestorer$fetchSkin$3$1(ServerLoginPacketListenerImpl.java:646) ~[server-1.20.1-20230612.114412-srg.jar%23165!/:?]
	at java.util.Optional.map(Optional.java:260) ~[?:?]
	at net.minecraft.server.network.ServerLoginPacketListenerImpl.skinrestorer$fetchSkin(ServerLoginPacketListenerImpl.java:646) ~[server-1.20.1-20230612.114412-srg.jar%23165!/:?]
	at net.minecraft.server.network.ServerLoginPacketListenerImpl.md89307e$lambda$waitForSkin$0$4(ServerLoginPacketListenerImpl.java:595) ~[server-1.20.1-20230612.114412-srg.jar%23165!/:?]
	at java.util.concurrent.CompletableFuture$AsyncSupply.run(CompletableFuture.java:1768) ~[?:?]
	at java.util.concurrent.ThreadPoolExecutor.runWorker(ThreadPoolExecutor.java:1136) ~[?:?]
	at java.util.concurrent.ThreadPoolExecutor$Worker.run(ThreadPoolExecutor.java:635) ~[?:?]
	at java.lang.Thread.run(Thread.java:840) ~[?:?]
[22Aug2026 04:17:08.596] [Server thread/INFO] [net.minecraft.server.players.PlayerList/]: f4tizzz[/127.89.189.155:52805] logged in with entity id 142 at (-1032.4463009428173, 72.0, 60.69999998807907)
[22Aug2026 04:17:08.662] [Server thread/INFO] [ModernFix/]: Using enhanced recipe sync for player f4tizzz
[22Aug2026 04:17:08.720] [Server thread/INFO] [net.minecraft.server.MinecraftServer/]: f4tizzz joined the game
[22Aug2026 04:17:09.439] [Server thread/INFO] [voicechat/]: [voicechat] Received secret request of f4tizzz (20)
[22Aug2026 04:17:09.442] [Server thread/INFO] [voicechat/]: [voicechat] Sent secret to f4tizzz
[22Aug2026 04:17:11.421] [VoiceChatPacketProcessingThread/INFO] [voicechat/]: [voicechat] Successfully authenticated player d9cc7137-c87a-30f8-a49d-3adfd052b96e
[22Aug2026 04:17:12.391] [VoiceChatPacketProcessingThread/INFO] [voicechat/]: [voicechat] Successfully validated connection of player d9cc7137-c87a-30f8-a49d-3adfd052b96e
[22Aug2026 04:17:12.423] [VoiceChatPacketProcessingThread/INFO] [voicechat/]: [voicechat] Player f4tizzz (d9cc7137-c87a-30f8-a49d-3adfd052b96e) successfully connected to voice chat
[22Aug2026 04:19:23.876] [Server thread/INFO] [net.minecraft.server.MinecraftServer/]: f4tizzz has made the advancement [Alex's Mobs]
[22Aug2026 04:19:44.800] [Server thread/INFO] [net.minecraft.server.MinecraftServer/]: There are 1 of a max of 20 players online: f4tizzz
[22Aug2026 04:19:54.910] [Server thread/INFO] [net.minecraft.server.MinecraftServer/]: [Not Secure] [Server] fati te dejaron sola?
[22Aug2026 04:20:00.560] [Server thread/INFO] [net.minecraft.server.MinecraftServer/]: [Not Secure] <f4tizzz> si...
[22Aug2026 04:20:13.503] [Server thread/INFO] [net.minecraft.server.MinecraftServer/]: [Not Secure] <f4tizzz> pensé q salo iba a entrar TT
[22Aug2026 04:20:23.138] [Server thread/INFO] [net.minecraft.server.MinecraftServer/]: [Not Secure] [Server] asi son todos unu
[22Aug2026 04:21:18.745] [Server thread/INFO] [net.minecraft.server.MinecraftServer/]: [Not Secure] [Server] voy a entrar para hacer una excavadora
[22Aug2026 04:21:23.415] [Server thread/INFO] [net.minecraft.server.MinecraftServer/]: [Not Secure] <f4tizzz> queee
[22Aug2026 04:21:25.071] [Server thread/INFO] [net.minecraft.server.MinecraftServer/]: [Not Secure] <f4tizzz> yaa
[22Aug2026 04:21:51.503] [Server thread/INFO] [net.minecraft.server.MinecraftServer/]: [Not Secure] [Server] en karmaland rubius saco una excavadora la minadora de diamantes
[22Aug2026 04:22:09.867] [Server thread/INFO] [net.minecraft.server.MinecraftServer/]: [Not Secure] [Server] aunque el lit la copio de otro sin saber como funcionaba ... pero eso hare una propia
[22Aug2026 04:22:26.743] [Server thread/INFO] [net.minecraft.server.MinecraftServer/]: [Not Secure] <f4tizzz> QUE
[22Aug2026 04:22:28.241] [Server thread/INFO] [net.minecraft.server.MinecraftServer/]: [Not Secure] <f4tizzz> OMGGG
[22Aug2026 04:22:32.796] [Server thread/INFO] [net.minecraft.server.MinecraftServer/]: [Not Secure] <f4tizzz> enseñas
[22Aug2026 04:26:36.191] [Server thread/INFO] [net.minecraft.server.players.PlayerList/]: antares[/127.29.15.204:38391] logged in with entity id 2209 at (-1498.5836694222603, 129.0, 430.83453607646925)
[22Aug2026 04:26:36.206] [Server thread/INFO] [ModernFix/]: Using enhanced recipe sync for player antares
[22Aug2026 04:26:36.219] [Server thread/INFO] [net.minecraft.server.MinecraftServer/]: antares joined the game
[22Aug2026 04:26:38.190] [Server thread/INFO] [voicechat/]: [voicechat] Received secret request of antares (20)
[22Aug2026 04:26:38.190] [Server thread/INFO] [voicechat/]: [voicechat] Sent secret to antares
[22Aug2026 04:26:52.991] [VoiceChatPacketProcessingThread/INFO] [voicechat/]: [voicechat] Successfully authenticated player d2996896-477c-303b-9567-4082b9abb61d
[22Aug2026 04:26:53.994] [VoiceChatPacketProcessingThread/INFO] [voicechat/]: [voicechat] Successfully validated connection of player d2996896-477c-303b-9567-4082b9abb61d
[22Aug2026 04:26:53.995] [VoiceChatPacketProcessingThread/INFO] [voicechat/]: [voicechat] Player antares (d2996896-477c-303b-9567-4082b9abb61d) successfully connected to voice chat
[22Aug2026 04:27:06.011] [Server thread/INFO] [net.minecraft.server.MinecraftServer/]: [Not Secure] <antares> a
[22Aug2026 04:27:34.560] [Server thread/INFO] [net.minecraft.server.MinecraftServer/]: [Not Secure] <f4tizzz> q paso
[22Aug2026 04:27:42.774] [Server thread/INFO] [net.minecraft.server.MinecraftServer/]: [Not Secure] <antares> habia olvidado que estaba haciendo
[22Aug2026 04:28:19.904] [Server thread/INFO] [net.minecraft.server.MinecraftServer/]: [Not Secure] <f4tizzz> ajnjns
[22Aug2026 04:30:53.708] [Server thread/INFO] [net.minecraft.server.MinecraftServer/]: antares fell from a high place
[22Aug2026 04:30:59.833] [Server thread/INFO] [net.minecraft.server.MinecraftServer/]: [antares: Teleported antares to -1479.500000, 69.500000, 201.500000]
[22Aug2026 04:31:35.339] [Server thread/INFO] [net.minecraft.server.MinecraftServer/]: f4tizzz was slain by Zombie
[22Aug2026 04:31:40.103] [Server thread/INFO] [net.minecraft.server.MinecraftServer/]: [Not Secure] <antares> duerm
[22Aug2026 04:31:41.663] [Server thread/INFO] [net.minecraft.server.MinecraftServer/]: [Not Secure] <antares> duerm
[22Aug2026 04:32:03.198] [Server thread/INFO] [net.minecraft.server.MinecraftServer/]: [Not Secure] <f4tizzz> MIS COSAS
[22Aug2026 04:33:05.201] [Server thread/INFO] [net.minecraft.server.MinecraftServer/]: [Not Secure] <f4tizzz> ME MATARÉ
[22Aug2026 04:33:15.699] [Server thread/INFO] [net.minecraft.server.MinecraftServer/]: [Not Secure] <antares> como xd?
[22Aug2026 04:33:39.221] [Server thread/INFO] [net.minecraft.server.MinecraftServer/]: f4tizzz drowned whilst trying to escape Skeleton
[22Aug2026 04:33:43.701] [Server thread/INFO] [net.minecraft.server.MinecraftServer/]: [Not Secure] <f4tizzz> ASI
[22Aug2026 04:40:47.392] [Server thread/WARN] [net.minecraft.server.MinecraftServer/]: Can't keep up! Is the server overloaded? Running 2013ms or 40 ticks behind
[22Aug2026 04:47:00.453] [Server thread/INFO] [com.simibubi.create.Create/]: RecipeTrie of depth 8 with 1247 nodes built with 1124 variants, 541 ingredients, and 988 recipes
[22Aug2026 05:00:28.986] [Worker-Main-28/WARN] [net.minecraft.world.entity.EntityType/]: Skipping Entity with id isleofberk:speed_stinger_egg
[22Aug2026 05:00:28.986] [Worker-Main-28/WARN] [net.minecraft.world.entity.EntityType/]: Skipping Entity with id isleofberk:speed_stinger_egg
[22Aug2026 05:00:28.986] [Worker-Main-28/WARN] [net.minecraft.world.entity.EntityType/]: Skipping Entity with id isleofberk:speed_stinger_egg
[22Aug2026 05:00:28.987] [Worker-Main-28/WARN] [net.minecraft.world.entity.EntityType/]: Skipping Entity with id isleofberk:speed_stinger_egg
[22Aug2026 05:00:28.987] [Worker-Main-28/WARN] [net.minecraft.world.entity.EntityType/]: Skipping Entity with id isleofberk:speed_stinger_egg
[22Aug2026 05:00:28.987] [Worker-Main-28/WARN] [net.minecraft.world.entity.EntityType/]: Skipping Entity with id isleofberk:speed_stinger_egg
[22Aug2026 05:00:28.987] [Worker-Main-28/WARN] [net.minecraft.world.entity.EntityType/]: Skipping Entity with id isleofberk:speed_stinger_egg
[22Aug2026 05:00:28.987] [Worker-Main-28/WARN] [net.minecraft.world.entity.EntityType/]: Skipping Entity with id isleofberk:speed_stinger_leader
[22Aug2026 05:00:28.987] [Worker-Main-28/WARN] [net.minecraft.world.entity.EntityType/]: Skipping Entity with id isleofberk:speed_stinger
[22Aug2026 05:00:28.987] [Worker-Main-28/WARN] [net.minecraft.world.entity.EntityType/]: Skipping Entity with id isleofberk:speed_stinger
[22Aug2026 05:03:00.665] [Server thread/WARN] [net.minecraft.server.MinecraftServer/]: Can't keep up! Is the server overloaded? Running 2036ms or 40 ticks behind
[22Aug2026 05:03:23.056] [Server thread/WARN] [net.minecraft.server.MinecraftServer/]: Can't keep up! Is the server overloaded? Running 7427ms or 148 ticks behind
[22Aug2026 05:10:08.842] [Server thread/INFO] [net.minecraft.server.MinecraftServer/]: f4tizzz has made the advancement [Mine? Mine? Mine?]
[22Aug2026 05:10:50.309] [Server thread/INFO] [net.minecraft.server.MinecraftServer/]: [Not Secure] <f4tizzz> ENCONTRÉ ARROZ
[22Aug2026 05:11:02.727] [Server thread/INFO] [net.minecraft.server.MinecraftServer/]: [Not Secure] <antares> ahora tienes para cocinar
[22Aug2026 05:11:07.507] [Server thread/INFO] [net.minecraft.server.MinecraftServer/]: [Not Secure] <antares> ya tienes tu cocina xd?
[22Aug2026 05:11:10.924] [Server thread/INFO] [net.minecraft.server.MinecraftServer/]: [Not Secure] <f4tizzz> si
[22Aug2026 05:11:14.402] [Server thread/INFO] [net.minecraft.server.MinecraftServer/]: [Not Secure] <f4tizzz> esta en mi casa
[22Aug2026 05:17:46.171] [Worker-Main-27/WARN] [net.minecraft.world.level.levelgen.structure.pools.JigsawPlacement/]: Empty or non-existent pool: fossil:tar_site/tent_options
[22Aug2026 05:20:01.311] [Server thread/INFO] [net.minecraft.server.MinecraftServer/]: [Not Secure] <antares> voy en un rato a verla
[22Aug2026 05:20:09.673] [Server thread/INFO] [net.minecraft.server.MinecraftServer/]: [Not Secure] <antares> ando atascado con esta cosa x,d
[22Aug2026 05:20:44.789] [Server thread/WARN] [net.minecraft.server.network.ServerGamePacketListenerImpl/]: f4tizzz moved too quickly! -2.438270728736825,-3.0,9.294131211318472
[22Aug2026 05:25:37.416] [Server thread/WARN] [net.minecraft.server.MinecraftServer/]: Can't keep up! Is the server overloaded? Running 2037ms or 40 ticks behind
[22Aug2026 05:37:04.514] [Server thread/INFO] [net.minecraft.server.MinecraftServer/]: [Not Secure] <antares> waa fati me ando perdiendo
[22Aug2026 05:37:13.069] [Server thread/INFO] [net.minecraft.server.MinecraftServer/]: [Not Secure] <antares> algo que deberia ser facil no esta funcionando
[22Aug2026 05:37:14.127] [Server thread/INFO] [net.minecraft.server.MinecraftServer/]: [Not Secure] <f4tizzz> pqq q paos
[22Aug2026 05:37:21.200] [Server thread/INFO] [net.minecraft.server.MinecraftServer/]: [Not Secure] <antares> puedes ayudarme a verlo porfis
[22Aug2026 05:37:28.973] [Server thread/INFO] [net.minecraft.server.MinecraftServer/]: [Not Secure] <f4tizzz> q cosito
[22Aug2026 05:37:33.022] [Server thread/INFO] [net.minecraft.server.MinecraftServer/]: [Not Secure] <antares> es algo del create
[22Aug2026 05:37:37.974] [Server thread/INFO] [net.minecraft.server.MinecraftServer/]: [Not Secure] <antares> pero lit es una mesa de crafteo automatica
[22Aug2026 05:37:42.560] [Server thread/INFO] [net.minecraft.server.MinecraftServer/]: [Not Secure] <antares> pero no se pq no sirve x,d
[22Aug2026 05:37:48.303] [Server thread/INFO] [net.minecraft.server.MinecraftServer/]: [Not Secure] <f4tizzz> a ver
[22Aug2026 05:37:52.155] [Server thread/INFO] [net.minecraft.server.MinecraftServer/]: [antares: Teleported antares to f4tizzz]
[22Aug2026 05:37:54.397] [Server thread/INFO] [net.minecraft.server.MinecraftServer/]: [Not Secure] <antares> ay
[22Aug2026 05:37:55.964] [Server thread/INFO] [net.minecraft.server.MinecraftServer/]: [Not Secure] <antares> asi no era
[22Aug2026 05:38:01.198] [Server thread/INFO] [net.minecraft.server.MinecraftServer/]: [antares: Teleported antares to -1514.500000, 126.500000, 435.500000]
[22Aug2026 05:38:03.879] [Server thread/INFO] [net.minecraft.server.MinecraftServer/]: [Not Secure] <f4tizzz> xdd
[22Aug2026 05:38:05.877] [Server thread/INFO] [net.minecraft.server.MinecraftServer/]: [Not Secure] <f4tizzz> a ver
[22Aug2026 05:39:15.498] [Server thread/INFO] [net.minecraft.server.MinecraftServer/]: [antares: Teleported f4tizzz to antares]
[22Aug2026 05:39:16.950] [Server thread/INFO] [net.minecraft.server.MinecraftServer/]: [Not Secure] <antares> ahora si
[22Aug2026 05:41:27.000] [Server thread/INFO] [net.minecraft.server.MinecraftServer/]: [Not Secure] <antares> create elaboracion
[22Aug2026 05:41:44.051] [Server thread/INFO] [net.minecraft.server.MinecraftServer/]: [antares: Set own game mode to Creative Mode]
[22Aug2026 05:41:52.448] [Server thread/INFO] [net.minecraft.server.MinecraftServer/]: [antares: Set own game mode to Survival Mode]
[22Aug2026 05:43:02.375] [Server thread/INFO] [net.minecraft.server.MinecraftServer/]: [Not Secure] <antares> ensamblador mecanico create
[22Aug2026 05:45:45.543] [Server thread/INFO] [net.minecraft.server.MinecraftServer/]: [antares: Set the time to 1000]
[22Aug2026 05:53:22.400] [Server thread/INFO] [net.minecraft.server.MinecraftServer/]: [antares: Set own game mode to Creative Mode]
[22Aug2026 05:53:36.451] [Server thread/INFO] [net.minecraft.server.MinecraftServer/]: [antares: Set own game mode to Survival Mode]
[22Aug2026 05:56:15.307] [Server thread/INFO] [net.minecraft.server.MinecraftServer/]: [antares: Set the weather to clear]
[22Aug2026 06:00:48.395] [SkinRestorer-Fetch-3/WARN] [SkinRestorer/]: Failed to fetch skin 'mojang:Za0lly'
java.lang.IllegalStateException: not found
	at net.lionarius.skinrestorer.util.WebUtils.throwOnClientErrors(WebUtils.java:141) ~[skinrestorer-2.10.0+1.20-forge.jar%23157!/:2.10.0+1.20-forge]
	at net.lionarius.skinrestorer.skin.provider.base.YggdrasilSkinProvider.getProfile(YggdrasilSkinProvider.java:50) ~[skinrestorer-2.10.0+1.20-forge.jar%23157!/:2.10.0+1.20-forge]
	at net.lionarius.skinrestorer.skin.provider.builtin.MojangSkinProvider.lambda$new$0(MojangSkinProvider.java:43) ~[skinrestorer-2.10.0+1.20-forge.jar%23157!/:2.10.0+1.20-forge]
	at net.minecraft.server.players.GameProfileCache.m_10993_(GameProfileCache.java:98) ~[server-1.20.1-20230612.114412-srg.jar%23165!/:?]
	at net.minecraft.server.players.GameProfileCache.m_10996_(GameProfileCache.java:150) ~[server-1.20.1-20230612.114412-srg.jar%23165!/:?]
	at net.lionarius.skinrestorer.skin.provider.builtin.MojangSkinProvider.resolveUuid(MojangSkinProvider.java:74) ~[skinrestorer-2.10.0+1.20-forge.jar%23157!/:2.10.0+1.20-forge]
	at net.lionarius.skinrestorer.skin.provider.base.ProfileSkinProvider.getCacheKey(ProfileSkinProvider.java:40) ~[skinrestorer-2.10.0+1.20-forge.jar%23157!/:2.10.0+1.20-forge]
	at net.lionarius.skinrestorer.skin.provider.base.ProfileSkinProvider.getCacheKey(ProfileSkinProvider.java:17) ~[skinrestorer-2.10.0+1.20-forge.jar%23157!/:2.10.0+1.20-forge]
	at net.lionarius.skinrestorer.skin.provider.base.AbstractSkinProvider.fetchSkin(AbstractSkinProvider.java:52) ~[skinrestorer-2.10.0+1.20-forge.jar%23157!/:2.10.0+1.20-forge]
	at net.minecraft.server.network.ServerLoginPacketListenerImpl.md89307e$lambda$skinrestorer$fetchSkin$3$1(ServerLoginPacketListenerImpl.java:646) ~[server-1.20.1-20230612.114412-srg.jar%23165!/:?]
	at java.util.Optional.map(Optional.java:260) ~[?:?]
	at net.minecraft.server.network.ServerLoginPacketListenerImpl.skinrestorer$fetchSkin(ServerLoginPacketListenerImpl.java:646) ~[server-1.20.1-20230612.114412-srg.jar%23165!/:?]
	at net.minecraft.server.network.ServerLoginPacketListenerImpl.md89307e$lambda$waitForSkin$0$4(ServerLoginPacketListenerImpl.java:595) ~[server-1.20.1-20230612.114412-srg.jar%23165!/:?]
	at java.util.concurrent.CompletableFuture$AsyncSupply.run(CompletableFuture.java:1768) ~[?:?]
	at java.util.concurrent.ThreadPoolExecutor.runWorker(ThreadPoolExecutor.java:1136) ~[?:?]
	at java.util.concurrent.ThreadPoolExecutor$Worker.run(ThreadPoolExecutor.java:635) ~[?:?]
	at java.lang.Thread.run(Thread.java:840) ~[?:?]
[22Aug2026 06:00:48.430] [Server thread/INFO] [net.minecraft.server.players.PlayerList/]: Za0lly[/127.173.197.184:47797] logged in with entity id 54016 at (-1187.9161044105276, 72.0, -126.19499932925754)
[22Aug2026 06:00:48.452] [Server thread/INFO] [ModernFix/]: Using enhanced recipe sync for player Za0lly
[22Aug2026 06:00:48.462] [Server thread/INFO] [net.minecraft.server.MinecraftServer/]: Za0lly joined the game
[22Aug2026 06:00:49.000] [Server thread/INFO] [voicechat/]: [voicechat] Received secret request of Za0lly (20)
[22Aug2026 06:00:49.001] [Server thread/INFO] [voicechat/]: [voicechat] Sent secret to Za0lly
[22Aug2026 06:00:51.361] [VoiceChatPacketProcessingThread/INFO] [voicechat/]: [voicechat] Successfully authenticated player fe7c97c0-2965-3341-a677-e764dc69cf72
[22Aug2026 06:00:52.363] [VoiceChatPacketProcessingThread/INFO] [voicechat/]: [voicechat] Successfully validated connection of player fe7c97c0-2965-3341-a677-e764dc69cf72
[22Aug2026 06:00:52.364] [VoiceChatPacketProcessingThread/INFO] [voicechat/]: [voicechat] Player Za0lly (fe7c97c0-2965-3341-a677-e764dc69cf72) successfully connected to voice chat
[22Aug2026 06:00:55.806] [Server thread/INFO] [net.minecraft.server.MinecraftServer/]: [Not Secure] <antares> holis salo
[22Aug2026 06:00:55.954] [Server thread/INFO] [net.minecraft.server.MinecraftServer/]: [Not Secure] <f4tizzz> vv holaa
[22Aug2026 06:00:57.869] [Server thread/INFO] [net.minecraft.server.MinecraftServer/]: [Not Secure] <Za0lly> olaaaa
[22Aug2026 06:01:01.261] [Server thread/INFO] [net.minecraft.server.MinecraftServer/]: [Not Secure] <Za0lly> olaavv
[22Aug2026 06:04:32.963] [Server thread/INFO] [net.minecraft.server.MinecraftServer/]: [antares: Teleported f4tizzz to Za0lly]
[22Aug2026 06:04:35.514] [Server thread/INFO] [net.minecraft.server.MinecraftServer/]: [Not Secure] <antares> sie ra
[22Aug2026 06:04:38.399] [Server thread/INFO] [net.minecraft.server.MinecraftServer/]: [Not Secure] <f4tizzz> XDD
[22Aug2026 06:05:12.250] [Server thread/INFO] [net.minecraft.server.MinecraftServer/]: antares has reached the goal [Desperate Measures]
[22Aug2026 06:05:15.902] [Server thread/INFO] [net.minecraft.server.MinecraftServer/]: [Not Secure] <antares> lo logre fatiii
[22Aug2026 06:05:19.315] [Server thread/INFO] [net.minecraft.server.MinecraftServer/]: [Not Secure] <f4tizzz> ESOOOOO
[22Aug2026 06:05:20.798] [Server thread/INFO] [net.minecraft.server.MinecraftServer/]: [Not Secure] <f4tizzz> AL FIN
[22Aug2026 06:05:21.250] [Server thread/INFO] [net.minecraft.server.MinecraftServer/]: [antares: Teleported f4tizzz to antares]
[22Aug2026 06:07:38.252] [Server thread/INFO] [net.minecraft.server.MinecraftServer/]: [antares: Set own game mode to Creative Mode]
[22Aug2026 06:07:56.651] [Server thread/INFO] [net.minecraft.server.MinecraftServer/]: [antares: Set own game mode to Survival Mode]
[22Aug2026 06:10:36.656] [Server thread/INFO] [net.minecraft.server.MinecraftServer/]: [antares: Teleported f4tizzz to Za0lly]
[22Aug2026 06:29:26.755] [Server thread/INFO] [net.minecraft.server.MinecraftServer/]: antares fell from a high place
[22Aug2026 06:29:32.609] [Server thread/INFO] [net.minecraft.server.MinecraftServer/]: [antares: Teleported antares to -1462.500000, 66.500000, 204.500000]
[22Aug2026 06:41:54.202] [Server thread/INFO] [net.minecraft.server.MinecraftServer/]: antares has made the advancement [Wheels of Destruction]
[22Aug2026 07:10:28.251] [Server thread/WARN] [net.minecraft.server.network.ServerGamePacketListenerImpl/]: antares was kicked for floating too long!
[22Aug2026 07:10:28.302] [Server thread/INFO] [net.minecraft.server.network.ServerGamePacketListenerImpl/]: antares lost connection: Flying is not enabled on this server
[22Aug2026 07:10:28.302] [Server thread/INFO] [net.minecraft.server.MinecraftServer/]: antares left the game
[22Aug2026 07:10:28.332] [Server thread/INFO] [voicechat/]: [voicechat] Disconnecting client antares
[22Aug2026 07:10:29.839] [Server thread/WARN] [net.minecraft.server.network.ServerGamePacketListenerImpl/]: f4tizzz was kicked for floating too long!
[22Aug2026 07:10:29.889] [Server thread/INFO] [net.minecraft.server.network.ServerGamePacketListenerImpl/]: f4tizzz lost connection: Flying is not enabled on this server
[22Aug2026 07:10:29.889] [Server thread/INFO] [net.minecraft.server.MinecraftServer/]: f4tizzz left the game
[22Aug2026 07:10:29.889] [Server thread/INFO] [voicechat/]: [voicechat] Disconnecting client f4tizzz
[22Aug2026 07:10:39.462] [Server thread/INFO] [net.minecraft.server.players.PlayerList/]: antares[/127.29.15.204:55131] logged in with entity id 87770 at (-1452.2304648664085, 134.79999995231628, 207.5973644936072)
[22Aug2026 07:10:39.473] [Server thread/INFO] [ModernFix/]: Using enhanced recipe sync for player antares
[22Aug2026 07:10:39.482] [Server thread/INFO] [net.minecraft.server.MinecraftServer/]: antares joined the game
[22Aug2026 07:10:39.703] [Server thread/INFO] [voicechat/]: [voicechat] Received secret request of antares (20)
[22Aug2026 07:10:39.704] [Server thread/INFO] [voicechat/]: [voicechat] Sent secret to antares
[22Aug2026 07:10:42.945] [VoiceChatPacketProcessingThread/INFO] [voicechat/]: [voicechat] Successfully authenticated player d2996896-477c-303b-9567-4082b9abb61d
[22Aug2026 07:10:43.946] [VoiceChatPacketProcessingThread/INFO] [voicechat/]: [voicechat] Successfully validated connection of player d2996896-477c-303b-9567-4082b9abb61d
[22Aug2026 07:10:43.947] [VoiceChatPacketProcessingThread/INFO] [voicechat/]: [voicechat] Player antares (d2996896-477c-303b-9567-4082b9abb61d) successfully connected to voice chat
[22Aug2026 07:11:37.206] [Server thread/INFO] [net.minecraft.server.MinecraftServer/]: [Not Secure] <Za0lly> q pasoo
[22Aug2026 07:11:42.010] [Server thread/INFO] [net.minecraft.server.MinecraftServer/]: [Not Secure] <antares> bajon de red
[22Aug2026 07:11:47.200] [Server thread/INFO] [net.minecraft.server.MinecraftServer/]: [Not Secure] <Za0lly> xd
[22Aug2026 07:15:33.964] [Server thread/INFO] [net.minecraft.server.network.ServerLoginPacketListenerImpl/]: com.mojang.authlib.GameProfile@64950402[id=<null>,name=f4tizzz,properties={},legacy=false] (/127.89.189.155:41753) lost connection: Disconnected
[22Aug2026 07:16:16.596] [Server thread/INFO] [net.minecraft.server.MinecraftServer/]: [Not Secure] <antares> zzz
[22Aug2026 07:16:21.255] [Server thread/INFO] [net.minecraft.server.MinecraftServer/]: [Not Secure] <Za0lly> zzz
[22Aug2026 07:21:36.343] [Server thread/INFO] [net.minecraft.server.MinecraftServer/]: Za0lly has made the advancement [The Parrots and the Bats]
[22Aug2026 07:27:54.997] [Server thread/INFO] [net.minecraft.server.MinecraftServer/]: [Not Secure] <Za0lly> zzz
[22Aug2026 07:28:02.106] [Server thread/INFO] [net.minecraft.server.MinecraftServer/]: [Not Secure] <antares> voy
[22Aug2026 07:43:07.409] [Server thread/INFO] [net.minecraft.server.MinecraftServer/]: [Not Secure] <antares> salo
[22Aug2026 07:43:12.350] [Server thread/INFO] [net.minecraft.server.MinecraftServer/]: [Not Secure] <Za0lly> dime
[22Aug2026 07:43:19.998] [Server thread/INFO] [net.minecraft.server.MinecraftServer/]: [Not Secure] <antares> para que sirve el pedernal?
[22Aug2026 07:43:27.760] [Server thread/INFO] [net.minecraft.server.MinecraftServer/]: [Not Secure] <Za0lly> para hacer un mechero
[22Aug2026 07:43:37.456] [Server thread/INFO] [net.minecraft.server.MinecraftServer/]: [Not Secure] <antares> eso nomas xd?
[22Aug2026 07:43:41.462] [Server thread/INFO] [net.minecraft.server.MinecraftServer/]: [Not Secure] <Za0lly> ...
[22Aug2026 07:43:48.478] [Server thread/INFO] [net.minecraft.server.MinecraftServer/]: [Not Secure] <Za0lly> hasta donde se si
[22Aug2026 07:48:38.848] [Server thread/INFO] [net.minecraft.server.MinecraftServer/]: antares fell from a high place
[22Aug2026 07:48:43.308] [Server thread/INFO] [net.minecraft.server.MinecraftServer/]: [antares: Teleported antares to -1466.500000, 68.500000, 209.500000]
[22Aug2026 07:50:35.618] [Server thread/INFO] [net.minecraft.server.MinecraftServer/]: Za0lly has reached the goal [Dinner's Served!]
[22Aug2026 07:53:14.254] [Server thread/WARN] [net.minecraft.server.level.ServerPlayerGameMode/]: Mismatch in destroy block pos: BlockPos{x=-1552, y=62, z=392} BlockPos{x=-1550, y=63, z=392}
[22Aug2026 07:53:14.299] [Server thread/WARN] [net.minecraft.server.level.ServerPlayerGameMode/]: Mismatch in destroy block pos: BlockPos{x=-1552, y=62, z=392} BlockPos{x=-1550, y=63, z=392}
[22Aug2026 07:56:20.624] [Server thread/WARN] [net.minecraft.server.level.ServerPlayerGameMode/]: Mismatch in destroy block pos: BlockPos{x=-1176, y=64, z=-65} BlockPos{x=-1175, y=62, z=-66}
[22Aug2026 08:05:41.699] [Server thread/INFO] [net.minecraft.server.MinecraftServer/]: [Not Secure] <antares> zzz
[22Aug2026 08:05:51.399] [Server thread/INFO] [net.minecraft.server.MinecraftServer/]: [Not Secure] <Za0lly> zzz
[22Aug2026 08:05:57.570] [Server thread/INFO] [net.minecraft.server.MinecraftServer/]: [Not Secure] <antares> espera tengo mobs
[22Aug2026 08:06:01.010] [Server thread/INFO] [net.minecraft.server.MinecraftServer/]: [Not Secure] <Za0lly> xd
[22Aug2026 08:06:28.812] [Server thread/INFO] [net.minecraft.server.MinecraftServer/]: [Not Secure] <antares> lo peor que no lo veo
[22Aug2026 08:06:55.499] [Server thread/INFO] [net.minecraft.server.MinecraftServer/]: [Not Secure] <antares> ahora si zz
